,table,column,dataType
0,APPROVERGROUP,APPROVERDESCRIPTION,String
1,APPROVERGROUP,APPROVERGROUPID,String
2,APPROVERGROUP,APPROVERGROUP_PKID,String
3,APPROVERGROUP,APPROVERTEXT,String
4,APPROVERGROUP,EDWEFFECTIVEFROMTS,String
5,APPROVERGROUP,EDWEFFECTIVETOTS,Unknown
6,APPROVERGROUP,EDWLOADTS,String
7,APPROVERGROUP,EDWSEQ_NO,Integral
8,APPROVERGROUP,EDWSOFT_DEL_IND,Integral
9,APPROVERGROUP,EDWSTG_ROW_OP,Integral
10,APPROVERGROUP,INSERTDATE,Unknown
11,APPROVERGROUP,ODSTIMESTAMP,String
12,APPROVERGROUP,SYS_CHANGE_OPERATION,String
13,APPROVERGROUP,UPDATEDATE,Unknown
14,ASSETCONCESSIONJOB,ASSETCONCESSIONID,String
15,ASSETCONCESSIONJOB,ASSETCONCESSIONJOB_PKID,String
16,ASSETCONCESSIONJOB,CONCESSIONID,String
17,ASSETCONCESSIONJOB,EDWEFFECTIVEFROMTS,String
18,ASSETCONCESSIONJOB,EDWEFFECTIVETOTS,Unknown
19,ASSETCONCESSIONJOB,EDWLOADTS,String
20,ASSETCONCESSIONJOB,EDWSEQ_NO,Integral
21,ASSETCONCESSIONJOB,EDWSOFT_DEL_IND,Integral
22,ASSETCONCESSIONJOB,EDWSTG_ROW_OP,Integral
23,ASSETCONCESSIONJOB,INSERTDATE,String
24,ASSETCONCESSIONJOB,ODSTIMESTAMP,String
25,ASSETCONCESSIONJOB,SHIPID,String
26,ASSETCONCESSIONJOB,SYS_CHANGE_OPERATION,String
27,ASSETCONCESSIONJOB,UPDATEDATE,String
28,ASSETREPORTINGTYPE,ACCREF,String
29,ASSETREPORTINGTYPE,ASSETREPORTINGTYPE_PKID,String
30,ASSETREPORTINGTYPE,EDWEFFECTIVEFROMTS,String
31,ASSETREPORTINGTYPE,EDWEFFECTIVETOTS,Unknown
32,ASSETREPORTINGTYPE,EDWLOADTS,String
33,ASSETREPORTINGTYPE,EDWSEQ_NO,Integral
34,ASSETREPORTINGTYPE,EDWSOFT_DEL_IND,Integral
35,ASSETREPORTINGTYPE,EDWSTG_ROW_OP,Integral
36,ASSETREPORTINGTYPE,INSERTDATE,String
37,ASSETREPORTINGTYPE,ODSTIMESTAMP,String
38,ASSETREPORTINGTYPE,REPORTINGTYPEID,String
39,ASSETREPORTINGTYPE,SHIPID,String
40,ASSETREPORTINGTYPE,SYS_CHANGE_OPERATION,String
41,ASSETREPORTINGTYPE,UPDATEDATE,String
42,ASSETTECHNICALQUERY,ACCREF,String
43,ASSETTECHNICALQUERY,ASSETTECHNICALQUERYID,String
44,ASSETTECHNICALQUERY,ASSETTECHNICALQUERY_PKID,String
45,ASSETTECHNICALQUERY,CAGE,String
46,ASSETTECHNICALQUERY,COMPARTMENTID,String
47,ASSETTECHNICALQUERY,DATECREATED,String
48,ASSETTECHNICALQUERY,EDWEFFECTIVEFROMTS,String
49,ASSETTECHNICALQUERY,EDWEFFECTIVETOTS,String
50,ASSETTECHNICALQUERY,EDWLOADTS,String
51,ASSETTECHNICALQUERY,EDWSEQ_NO,String
52,ASSETTECHNICALQUERY,EDWSOFT_DEL_IND,Integral
53,ASSETTECHNICALQUERY,EDWSTG_ROW_OP,Integral
54,ASSETTECHNICALQUERY,ELECTRICALREF,String
55,ASSETTECHNICALQUERY,EQUIPIDENT,String
56,ASSETTECHNICALQUERY,EQUIPIDSOURCE,Unknown
57,ASSETTECHNICALQUERY,FIRSTLEVEL,String
58,ASSETTECHNICALQUERY,FITPLANNEDACTION,String
59,ASSETTECHNICALQUERY,FITSTATUS,String
60,ASSETTECHNICALQUERY,FITTINGNO,String
61,ASSETTECHNICALQUERY,FUNCDESC,String
62,ASSETTECHNICALQUERY,IIN,Integral
63,ASSETTECHNICALQUERY,IMC,String
64,ASSETTECHNICALQUERY,INSERTDATE,String
65,ASSETTECHNICALQUERY,INSTALLATIONDATE,String
66,ASSETTECHNICALQUERY,INSTRUMENTREF,String
67,ASSETTECHNICALQUERY,LEVELNO,Integral
68,ASSETTECHNICALQUERY,LOCATIONID,String
69,ASSETTECHNICALQUERY,LOCATION_1,String
70,ASSETTECHNICALQUERY,LOCATION_2,String
71,ASSETTECHNICALQUERY,MANDRAWINGNO,String
72,ASSETTECHNICALQUERY,MANPARTNO,String
73,ASSETTECHNICALQUERY,MANUFACTURERID,String
74,ASSETTECHNICALQUERY,MANUFACTURERNAME,String
75,ASSETTECHNICALQUERY,MODSTATE,String
76,ASSETTECHNICALQUERY,NC,String
77,ASSETTECHNICALQUERY,NSC,Integral
78,ASSETTECHNICALQUERY,ODSTIMESTAMP,String
79,ASSETTECHNICALQUERY,PARTDESC,String
80,ASSETTECHNICALQUERY,PARTNO,String
81,ASSETTECHNICALQUERY,PERSONID,String
82,ASSETTECHNICALQUERY,POSTID,String
83,ASSETTECHNICALQUERY,QUANTITYFITTED,String
84,ASSETTECHNICALQUERY,RCMINDICATOR,String
85,ASSETTECHNICALQUERY,REMARKS,String
86,ASSETTECHNICALQUERY,S2012ID,String
87,ASSETTECHNICALQUERY,SDDRESPONSEDATE,String
88,ASSETTECHNICALQUERY,SDDRESPONSENOTES,String
89,ASSETTECHNICALQUERY,SDDSTATUS,String
90,ASSETTECHNICALQUERY,SERIALNO,String
91,ASSETTECHNICALQUERY,SFD_CODE,String
92,ASSETTECHNICALQUERY,SHIPID,String
93,ASSETTECHNICALQUERY,SS_LOCAL_NO,String
94,ASSETTECHNICALQUERY,SUPPLEMENTARYLOCATION,String
95,ASSETTECHNICALQUERY,SYS_CHANGE_OPERATION,String
96,ASSETTECHNICALQUERY,UPDATEDATE,String
97,COMPARTMENT,COMPARTMENTID,String
98,COMPARTMENT,COMPARTMENT_PKID,String
99,COMPARTMENT,EDWEFFECTIVEFROMTS,String
100,COMPARTMENT,EDWEFFECTIVETOTS,Unknown
101,COMPARTMENT,EDWLOADTS,String
102,COMPARTMENT,EDWSEQ_NO,Integral
103,COMPARTMENT,EDWSOFT_DEL_IND,Integral
104,COMPARTMENT,EDWSTG_ROW_OP,Integral
105,COMPARTMENT,INSERTDATE,String
106,COMPARTMENT,NBCDLOCATION,String
107,COMPARTMENT,ODSTIMESTAMP,String
108,COMPARTMENT,SHIPAREA,String
109,COMPARTMENT,SHIPID,String
110,COMPARTMENT,SYS_CHANGE_OPERATION,String
111,COMPARTMENT,UPDATEDATE,String
112,CONCESSION,APPROVALDTG,String
113,CONCESSION,APPROVEDBYPERSONID,String
114,CONCESSION,APPROVEDBYPOSTID,String
115,CONCESSION,ASSETACCREF,String
116,CONCESSION,AUDITEDFORRELEASEBYID,String
117,CONCESSION,CONCESSIONAPPROVAL,String
118,CONCESSION,CONCESSIONAUTHORITYID,String
119,CONCESSION,CONCESSIONID,String
120,CONCESSION,CONCESSIONRAISED,String
121,CONCESSION,CONCESSIONREQUESTED,String
122,CONCESSION,CONCESSIONSTATUSID,String
123,CONCESSION,CONCESSION_PKID,String
124,CONCESSION,DATEOFAPPROVAL,String
125,CONCESSION,DATEOFEXPIRY,String
126,CONCESSION,DEPARTMENTID,String
127,CONCESSION,EDWEFFECTIVEFROMTS,String
128,CONCESSION,EDWEFFECTIVETOTS,Unknown
129,CONCESSION,EDWLOADTS,String
130,CONCESSION,EDWSEQ_NO,Integral
131,CONCESSION,EDWSOFT_DEL_IND,Integral
132,CONCESSION,EDWSTG_ROW_OP,Integral
133,CONCESSION,INSERTDATE,String
134,CONCESSION,ODSTIMESTAMP,String
135,CONCESSION,PREVIOUSCONCESSIONCOMMENTS,String
136,CONCESSION,RAISEDBYPOSTID,String
137,CONCESSION,REJECTIONREASON,String
138,CONCESSION,REQUESTEDDTG,String
139,CONCESSION,SHIPID,String
140,CONCESSION,SYS_CHANGE_OPERATION,String
141,CONCESSION,UPDATEDATE,String
142,CONCESSIONASSET,ASSETACCREF,String
143,CONCESSIONASSET,CONCESSIONASSET_PKID,String
144,CONCESSIONASSET,CONCESSIONID,String
145,CONCESSIONASSET,DATEUPDATED,String
146,CONCESSIONASSET,DATEWORKEDOUT,String
147,CONCESSIONASSET,EDWEFFECTIVEFROMTS,String
148,CONCESSIONASSET,EDWEFFECTIVETOTS,Integral
149,CONCESSIONASSET,EDWLOADTS,String
150,CONCESSIONASSET,EDWSEQ_NO,String
151,CONCESSIONASSET,EDWSOFT_DEL_IND,String
152,CONCESSIONASSET,EDWSTG_ROW_OP,String
153,CONCESSIONASSET,EXTERNALID,String
154,CONCESSIONASSET,EXTERNALLYOWNED,String
155,CONCESSIONASSET,INSERTDATE,String
156,CONCESSIONASSET,ODSTIMESTAMP,String
157,CONCESSIONASSET,REASONWORKEDOUT,String
158,CONCESSIONASSET,SHIPID,String
159,CONCESSIONASSET,SYS_CHANGE_OPERATION,String
160,CONCESSIONASSET,UPDATEDATE,String
161,CONCESSIONASSET,WORKEDOUT,String
162,CONCESSIONINTERIMAPPROVAL,CONCESSIONID,String
163,CONCESSIONINTERIMAPPROVAL,CONINT_APPROV_PKID,String
164,CONCESSIONINTERIMAPPROVAL,EDWEFFECTIVEFROMTS,String
165,CONCESSIONINTERIMAPPROVAL,EDWEFFECTIVETOTS,Unknown
166,CONCESSIONINTERIMAPPROVAL,EDWLOADTS,String
167,CONCESSIONINTERIMAPPROVAL,EDWSEQ_NO,Integral
168,CONCESSIONINTERIMAPPROVAL,EDWSOFT_DEL_IND,Integral
169,CONCESSIONINTERIMAPPROVAL,EDWSTG_ROW_OP,Integral
170,CONCESSIONINTERIMAPPROVAL,INSERTDATE,String
171,CONCESSIONINTERIMAPPROVAL,INTERIMACTIONDATE,String
172,CONCESSIONINTERIMAPPROVAL,INTERIMAPPROVALGRANTED,Integral
173,CONCESSIONINTERIMAPPROVAL,INTERIMAPPROVALREMARKS,String
174,CONCESSIONINTERIMAPPROVAL,INTERIMAPPROVPERSONID,String
175,CONCESSIONINTERIMAPPROVAL,INTERIMAPPROVPOSTID,String
176,CONCESSIONINTERIMAPPROVAL,INTERNALAPPROVEPOST,Unknown
177,CONCESSIONINTERIMAPPROVAL,ODSTIMESTAMP,String
178,CONCESSIONINTERIMAPPROVAL,SHIPID,String
179,CONCESSIONINTERIMAPPROVAL,SYS_CHANGE_OPERATION,String
180,CONCESSIONINTERIMAPPROVAL,UPDATEDATE,String
181,CONCESSIONSUB,ACTIONDATE,String
182,CONCESSIONSUB,BRDEVIATION,String
183,CONCESSIONSUB,CONCESSIONID,String
184,CONCESSIONSUB,CONCESSIONSUB_PKID,String
185,CONCESSIONSUB,CONCESSIONTYPE,String
186,CONCESSIONSUB,CONTRACTOR,Unknown
187,CONCESSIONSUB,CONTRACTORREFERENCE,Unknown
188,CONCESSIONSUB,CWEREFERENCE,Integral
189,CONCESSIONSUB,CWESTATUSID,String
190,CONCESSIONSUB,DARACTION,String
191,CONCESSIONSUB,DATERAISED,String
192,CONCESSIONSUB,DATERECEIVEDBYDA,String
193,CONCESSIONSUB,DATESIGNEDBYDA,String
194,CONCESSIONSUB,DATETODA,String
195,CONCESSIONSUB,DATEUPDATEDMRDC,String
196,CONCESSIONSUB,DATEWORKEDOUT,String
197,CONCESSIONSUB,DEPARTMENTID,String
198,CONCESSIONSUB,DESCRIPLINE1,String
199,CONCESSIONSUB,DESCRIPLINE2,String
200,CONCESSIONSUB,DESCRIPLINE3,String
201,CONCESSIONSUB,DESIGNAUTHORITY,String
202,CONCESSIONSUB,DESIGNAUTHORITYCOMMENTS,String
203,CONCESSIONSUB,DESIGNAUTHORITYDECISION,String
204,CONCESSIONSUB,DRAWINGDEVIATION,String
205,CONCESSIONSUB,EDWEFFECTIVEFROMTS,String
206,CONCESSIONSUB,EDWEFFECTIVETOTS,Unknown
207,CONCESSIONSUB,EDWLOADTS,String
208,CONCESSIONSUB,EDWSEQ_NO,Integral
209,CONCESSIONSUB,EDWSOFT_DEL_IND,Integral
210,CONCESSIONSUB,EDWSTG_ROW_OP,Integral
211,CONCESSIONSUB,ENVIRONMENT_AFFECTED,String
212,CONCESSIONSUB,FIRSTLEVELAFFECTED,String
213,CONCESSIONSUB,FITTINGPIPENUMBER,String
214,CONCESSIONSUB,FULLDESCRIPTION,String
215,CONCESSIONSUB,FUNCTIONINGAFFECTED,String
216,CONCESSIONSUB,HANDBOOKDEVIATION,String
217,CONCESSIONSUB,IMPACTANALYSISGROUP,String
218,CONCESSIONSUB,INSERTDATE,String
219,CONCESSIONSUB,INTERCHANGEABILITYAFFECTED,String
220,CONCESSIONSUB,INTERIMACTIONDATE,Unknown
221,CONCESSIONSUB,INTERIMAPPROVALGRANTED,Integral
222,CONCESSIONSUB,INTERIMAPPROVPERSONID,Unknown
223,CONCESSIONSUB,INTERIMAPPROVPOSTID,Unknown
224,CONCESSIONSUB,INTERIMAPPTEXT,Unknown
225,CONCESSIONSUB,INTERNALAPPROVEPERSONID,String
226,CONCESSIONSUB,INTERNALAPPROVEPOSTID,String
227,CONCESSIONSUB,INTERNALRAISEDBYPERSONID,String
228,CONCESSIONSUB,INTERNALRAISEDBYPOSTID,Unknown
229,CONCESSIONSUB,LAYOUTDEVIATION,String
230,CONCESSIONSUB,LIFEOFITEMAFFECTED,String
231,CONCESSIONSUB,LOGISTICS_AFFECTED,String
232,CONCESSIONSUB,MAINTENANCEAFFECTED,String
233,CONCESSIONSUB,MASTERSYSTEMACCREF,String
234,CONCESSIONSUB,MRDCID,String
235,CONCESSIONSUB,NRP_CATEGORY,String
236,CONCESSIONSUB,NRP_IMPACT,String
237,CONCESSIONSUB,NUCLEARIMPLICATION,String
238,CONCESSIONSUB,NUCLEARSAFETYAFFECTED,String
239,CONCESSIONSUB,ODSTIMESTAMP,String
240,CONCESSIONSUB,OKTOAUTHORISE,Integral
241,CONCESSIONSUB,PERSONNELSAFETYAFFECTED,String
242,CONCESSIONSUB,PMS,String
243,CONCESSIONSUB,PMSID,Unknown
244,CONCESSIONSUB,POSITIONDEVIATION,String
245,CONCESSIONSUB,PREVIOUSCONCESSIONCOMMENTS,String
246,CONCESSIONSUB,RAISEDBYID,String
247,CONCESSIONSUB,RAISEDONSHIP,Integral
248,CONCESSIONSUB,REMARKS1,String
249,CONCESSIONSUB,REMARKS2,String
250,CONCESSIONSUB,REMARKS3,String
251,CONCESSIONSUB,REPLACED,Integral
252,CONCESSIONSUB,REVALIDATIONAFFECTED,String
253,CONCESSIONSUB,SCHEDULE_NO,String
254,CONCESSIONSUB,SHIPID,String
255,CONCESSIONSUB,SPECIFICATIONDEVIATION,String
256,CONCESSIONSUB,STATUSID,String
257,CONCESSIONSUB,STRENGTHAFFECTED,String
258,CONCESSIONSUB,SUBCONTRACTOR,Unknown
259,CONCESSIONSUB,SUBCONTRACTORREFERENCE,Unknown
260,CONCESSIONSUB,SUBMARINESAFETYAFFECTED,String
261,CONCESSIONSUB,SYS_CHANGE_OPERATION,String
262,CONCESSIONSUB,TARGETEVENTTYPE,Integral
263,CONCESSIONSUB,UMMSOWNED,Integral
264,CONCESSIONSUB,UPDATEDATE,String
265,CONCESSIONSUB,USEMATERIALS,String
266,CONCESSIONSUB,USESPAREGEAR,String
267,CONCESSIONSUB,USESTORES,String
268,CONCESSIONSUB,VITALSYSTEMSAFFECTED,String
269,CONCESSIONSUB,WORKEDOUTBYREASON,String
270,DEFECT,ACCREF,String
271,DEFECT,ACTIONEE,String
272,DEFECT,ALLOCATEDTOPOSTID,String
273,DEFECT,BITEDETECTED,Integral
274,DEFECT,COMPARTMENT,String
275,DEFECT,CONDITIONFOUND,String
276,DEFECT,DAREVENTCODE,Unknown
277,DEFECT,DATEFOUND,String
278,DEFECT,DATEREPORTED,String
279,DEFECT,DEFECTDETAILS,String
280,DEFECT,DEFECTID,String
281,DEFECT,DEFECTNO,String
282,DEFECT,DEFECTTITLE,String
283,DEFECT,DEFECTTYPEID,String
284,DEFECT,DEFECT_PKID,String
285,DEFECT,DEPARTMENTID,String
286,DEFECT,DESCRIPTION,String
287,DEFECT,DISCOVEREDATSEA,String
288,DEFECT,DOWNTIME,String
289,DEFECT,DOWNTIMEUNITID,String
290,DEFECT,EDWEFFECTIVEFROMTS,String
291,DEFECT,EDWEFFECTIVETOTS,String
292,DEFECT,EDWLOADTS,String
293,DEFECT,EDWSEQ_NO,String
294,DEFECT,EDWSOFT_DEL_IND,String
295,DEFECT,EDWSTG_ROW_OP,String
296,DEFECT,EQUIPEFFECTID,String
297,DEFECT,FAILED,String
298,DEFECT,FAILUREDATE,String
299,DEFECT,FAILUREHISTORY,String
300,DEFECT,FAILUREMODEID,String
301,DEFECT,FIRSTLEVEL,String
302,DEFECT,FMTEXT,String
303,DEFECT,FOUNDBYID,String
304,DEFECT,HOWFOUNDID,String
305,DEFECT,IMMEDIATESHUTDOWN,String
306,DEFECT,INSERTDATE,String
307,DEFECT,JOBID,String
308,DEFECT,JUNIORRATEHOURS,Fractional
309,DEFECT,LLOYDSCLASSIFICATION,Integral
310,DEFECT,LOGISTICDELAY,String
311,DEFECT,MASTERSYSTEMFAC,String
312,DEFECT,NOISEDEFECT,String
313,DEFECT,NOJUNIORRATES,Integral
314,DEFECT,NONRCM,String
315,DEFECT,NONRCMFELOOKUPID,Integral
316,DEFECT,NONRCMFMLOOKUPID,String
317,DEFECT,NOSENIORRATES,Integral
318,DEFECT,NOTINRCM,String
319,DEFECT,ODSTIMESTAMP,String
320,DEFECT,OPDEFID,String
321,DEFECT,OPDEFSERIALNO,String
322,DEFECT,OPERABLEUNTILREPAIR,String
323,DEFECT,ORIGINAL_ACTIONEE,String
324,DEFECT,ORIGINAL_COMPARTMENT,String
325,DEFECT,ORIGINAL_DEFECTTYPEID,String
326,DEFECT,ORIGINAL_DEPARTMENTID,String
327,DEFECT,ORIGINAL_DESCRIPTION,String
328,DEFECT,ORIGINAL_NOISEDEFECT,String
329,DEFECT,ORIGINAL_PRIORITYID,String
330,DEFECT,ORIGINAL_STATUSID,String
331,DEFECT,ORIGINAL_SYSTEM_FAC,String
332,DEFECT,OTHERDETAILS,String
333,DEFECT,PMSID,String
334,DEFECT,PMSTEXT,String
335,DEFECT,PRIORITYID,String
336,DEFECT,PUMA,Integral
337,DEFECT,PUMADATE,String
338,DEFECT,RAISEDBYPERSONID,String
339,DEFECT,RECTIFICATIONDETAILS,String
340,DEFECT,REPAIRABLEATSEA,Integral
341,DEFECT,REPAIRDATE,String
342,DEFECT,REPAIRED,String
343,DEFECT,REPAIREDATSEA,String
344,DEFECT,REPAIRFINISHED,String
345,DEFECT,REPAIRSTARTED,String
346,DEFECT,REPORTEDBYPOSTID,String
347,DEFECT,REPORTINGAUTHORITYID,String
348,DEFECT,REPORTINGAUTHORITYOTHER,String
349,DEFECT,REPORTINGAUTHORITYSERIAL,String
350,DEFECT,REPORTINGAUTHORITYSERIALOTHER,String
351,DEFECT,REPORTINGPOST,String
352,DEFECT,REQUIREDREPAIRDATE,String
353,DEFECT,RIPOUTID,Unknown
354,DEFECT,S2022ID,String
355,DEFECT,SENIORRATEHOURS,Fractional
356,DEFECT,SHIPID,String
357,DEFECT,SHUTDOWNFORREPAIR,String
358,DEFECT,SOFTWAREFAULT,String
359,DEFECT,SOFTWAREISSUE,String
360,DEFECT,SOURCEID,String
361,DEFECT,STATUSID,String
362,DEFECT,SYSTEMDOWNTIME,String
363,DEFECT,SYSTEMDOWNTIMEUNITID,String
364,DEFECT,SYSTEMEFFECTID,String
365,DEFECT,SYS_CHANGE_OPERATION,String
366,DEFECT,TASKID,String
367,DEFECT,UPDATEDATE,String
368,DEFECT,WORKDONEBYSHIPSTAFF,String
369,DEFECTASSET,ACCREF,String
370,DEFECTASSET,DEFECTASSET_PKID,String
371,DEFECTASSET,DEFECTID,String
372,DEFECTASSET,EDWEFFECTIVEFROMTS,String
373,DEFECTASSET,EDWEFFECTIVETOTS,Unknown
374,DEFECTASSET,EDWLOADTS,String
375,DEFECTASSET,EDWSEQ_NO,Integral
376,DEFECTASSET,EDWSOFT_DEL_IND,Integral
377,DEFECTASSET,EDWSTG_ROW_OP,Integral
378,DEFECTASSET,INSERTDATE,String
379,DEFECTASSET,ODSTIMESTAMP,String
380,DEFECTASSET,SHIPID,String
381,DEFECTASSET,SYS_CHANGE_OPERATION,String
382,DEFECTASSET,UPDATEDATE,String
383,DEFECTCOMMENT,DEFECTCOMMENT,String
384,DEFECTCOMMENT,DEFECTCOMMENTID,String
385,DEFECTCOMMENT,DEFECTCOMMENT_PKID,String
386,DEFECTCOMMENT,DEFECTID,String
387,DEFECTCOMMENT,EDWEFFECTIVEFROMTS,String
388,DEFECTCOMMENT,EDWEFFECTIVETOTS,Unknown
389,DEFECTCOMMENT,EDWLOADTS,String
390,DEFECTCOMMENT,EDWSEQ_NO,Integral
391,DEFECTCOMMENT,EDWSOFT_DEL_IND,Integral
392,DEFECTCOMMENT,EDWSTG_ROW_OP,Integral
393,DEFECTCOMMENT,INSERTDATE,String
394,DEFECTCOMMENT,ODSTIMESTAMP,String
395,DEFECTCOMMENT,PERSONID,String
396,DEFECTCOMMENT,POSTROLEOBJECTID,String
397,DEFECTCOMMENT,SHIPID,String
398,DEFECTCOMMENT,STATUSID,String
399,DEFECTCOMMENT,SYS_CHANGE_OPERATION,String
400,DEFECTCOMMENT,UPDATEDATE,String
401,DEFECTREPLY,DEFECTID,String
402,DEFECTREPLY,DEFECTREPLY_PKID,String
403,DEFECTREPLY,EDWEFFECTIVEFROMTS,String
404,DEFECTREPLY,EDWEFFECTIVETOTS,String
405,DEFECTREPLY,EDWLOADTS,String
406,DEFECTREPLY,EDWSEQ_NO,String
407,DEFECTREPLY,EDWSOFT_DEL_IND,Integral
408,DEFECTREPLY,EDWSTG_ROW_OP,Integral
409,DEFECTREPLY,INSERTDATE,String
410,DEFECTREPLY,ODSTIMESTAMP,String
411,DEFECTREPLY,REPLYDATE,String
412,DEFECTREPLY,REPLYID,String
413,DEFECTREPLY,REPLYTEXT,String
414,DEFECTREPLY,SHIPID,String
415,DEFECTREPLY,SYS_CHANGE_OPERATION,String
416,DEFECTREPLY,TYPE,String
417,DEFECTREPLY,UPDATEDATE,String
418,JOB,ADDITIONALINFORMATION,String
419,JOB,ALLOCATEDTOPOSTID,String
420,JOB,AMENDMENTNUMBER,String
421,JOB,APPROVEDBYDATE,String
422,JOB,APPROVEDBYPERSONID,String
423,JOB,APPROVEDBYPOSTID,String
424,JOB,CLOSEDBYPERSONID,String
425,JOB,CLOSEDDATE,String
426,JOB,COMPLETEDLATE,String
427,JOB,COMPLETEDWITHFEEDBACK,Integral
428,JOB,DELETEDATE,String
429,JOB,DELETEDPERSONPOSTID,String
430,JOB,DELETEPERSONID,String
431,JOB,DELETEREASON,String
432,JOB,DEPARTMENTID,String
433,JOB,DURATIONACTUAL,String
434,JOB,DURATIONEXPECTED,Fractional
435,JOB,EDWEFFECTIVEFROMTS,String
436,JOB,EDWEFFECTIVETOTS,String
437,JOB,EDWLOADTS,String
438,JOB,EDWSEQ_NO,String
439,JOB,EDWSOFT_DEL_IND,Integral
440,JOB,EDWSTG_ROW_OP,String
441,JOB,EFFORTACTUAL,String
442,JOB,EFFORTEXPECTED,Fractional
443,JOB,ENVIRONMENTSAFETY,Integral
444,JOB,FAC,String
445,JOB,GENERATEDFROMJOBID,String
446,JOB,HAZARD,Integral
447,JOB,INSERTDATE,String
448,JOB,INTERVAL,Fractional
449,JOB,INTERVALUNIT,String
450,JOB,ISSUENUMBER,String
451,JOB,JOBCOMMENTS,String
452,JOB,JOBDUEDATE,String
453,JOB,JOBID,String
454,JOB,JOBLOCKED,String
455,JOB,JOBSOURCE,Integral
456,JOB,JOBSTATUSID,String
457,JOB,JOBTEXT,String
458,JOB,JOBTITLE,String
459,JOB,JOBTYPEID,String
460,JOB,JOB_PKID,String
461,JOB,LLOYDSAPPROVERCOMMENT,String
462,JOB,MAINTENANCETYPENAME,String
463,JOB,MEASUREDVALUEID,Unknown
464,JOB,NUCLEARCONTAINMENT,Integral
465,JOB,NUCLEARIMPLICATION,Integral
466,JOB,NUCLEARPROCEDUREDOCUMENT,String
467,JOB,NUCLEARSAFETY,Integral
468,JOB,ODSTIMESTAMP,String
469,JOB,OPERATIONAL,Integral
470,JOB,OVERDUEDATE,String
471,JOB,PERMITTOWORKID,Unknown
472,JOB,RDARIDENTIFIER,String
473,JOB,RDAROWNED,String
474,JOB,REASONLATEID,String
475,JOB,REQUIRESLRAPPROVAL,Integral
476,JOB,RUNTIMETRIGGERACCREF,Unknown
477,JOB,SCHEDULEDORDER,Integral
478,JOB,SHIPID,String
479,JOB,SHOREWRITEACCESS,String
480,JOB,STRUCTURALSURVEY,Integral
481,JOB,SUBSUMEDBYJOBID,String
482,JOB,SYS_CHANGE_OPERATION,String
483,JOB,TASKID,String
484,JOB,TASKINSTRUCTIONSMODIFIED,Integral
485,JOB,TASKVERSIONID,String
486,JOB,UPDATEDATE,String
487,JOBASSET,ASSETACCREF,String
488,JOBASSET,ASSETJOBSTATUSLASTCHANGED,String
489,JOBASSET,COMPLETEDBYPOSTID,String
490,JOBASSET,EDWEFFECTIVEFROMTS,String
491,JOBASSET,EDWEFFECTIVETOTS,Unknown
492,JOBASSET,EDWLOADTS,String
493,JOBASSET,EDWSEQ_NO,Integral
494,JOBASSET,EDWSOFT_DEL_IND,Integral
495,JOBASSET,EDWSTG_ROW_OP,Integral
496,JOBASSET,INSERTDATE,String
497,JOBASSET,JOBASSETSTATUSID,String
498,JOBASSET,JOBASSET_PKID,String
499,JOBASSET,JOBID,String
500,JOBASSET,ODSTIMESTAMP,String
501,JOBASSET,SHIPID,String
502,JOBASSET,SYS_CHANGE_OPERATION,String
503,JOBASSET,UPDATEDATE,String
504,JOBCONCESSION,CONCESSIONID,String
505,JOBCONCESSION,EDWEFFECTIVEFROMTS,String
506,JOBCONCESSION,EDWEFFECTIVETOTS,Unknown
507,JOBCONCESSION,EDWLOADTS,String
508,JOBCONCESSION,EDWSEQ_NO,Integral
509,JOBCONCESSION,EDWSOFT_DEL_IND,Integral
510,JOBCONCESSION,EDWSTG_ROW_OP,Integral
511,JOBCONCESSION,INSERTDATE,String
512,JOBCONCESSION,JOBCONCESSION_PKID,String
513,JOBCONCESSION,JOBID,String
514,JOBCONCESSION,ODSTIMESTAMP,String
515,JOBCONCESSION,SHIPID,String
516,JOBCONCESSION,SYS_CHANGE_OPERATION,String
517,JOBCONCESSION,UPDATEDATE,String
518,JOBDEFECT,DEFECTID,String
519,JOBDEFECT,EDWEFFECTIVEFROMTS,String
520,JOBDEFECT,EDWEFFECTIVETOTS,Unknown
521,JOBDEFECT,EDWLOADTS,String
522,JOBDEFECT,EDWSEQ_NO,Integral
523,JOBDEFECT,EDWSOFT_DEL_IND,Integral
524,JOBDEFECT,EDWSTG_ROW_OP,Integral
525,JOBDEFECT,INSERTDATE,String
526,JOBDEFECT,JOBDEFECT_PKID,String
527,JOBDEFECT,JOBID,String
528,JOBDEFECT,ODSTIMESTAMP,String
529,JOBDEFECT,SHIPID,String
530,JOBDEFECT,SYS_CHANGE_OPERATION,String
531,JOBDEFECT,UPDATEDATE,String
532,JOBDETAILSHISTORY,EDWEFFECTIVEFROMTS,String
533,JOBDETAILSHISTORY,EDWEFFECTIVETOTS,String
534,JOBDETAILSHISTORY,EDWLOADTS,String
535,JOBDETAILSHISTORY,EDWSEQ_NO,String
536,JOBDETAILSHISTORY,EDWSOFT_DEL_IND,String
537,JOBDETAILSHISTORY,EDWSTG_ROW_OP,String
538,JOBDETAILSHISTORY,INSERTDATE,String
539,JOBDETAILSHISTORY,JOBDETAILSHISTORYID,String
540,JOBDETAILSHISTORY,JOBDETAILSHISTORY_PKID,String
541,JOBDETAILSHISTORY,JOBID,String
542,JOBDETAILSHISTORY,NEWJOBTEXT,String
543,JOBDETAILSHISTORY,ODSTIMESTAMP,String
544,JOBDETAILSHISTORY,OLDJOBTEXT,String
545,JOBDETAILSHISTORY,SHIPID,String
546,JOBDETAILSHISTORY,SYS_CHANGE_OPERATION,String
547,JOBDETAILSHISTORY,TASKINSTRUCTIONSMODIFIED,String
548,JOBDETAILSHISTORY,UPDATEDATE,String
549,JOBDETAILSHISTORY,UPDATEDBYPERSONID,String
550,JOBDETAILSHISTORY,UPDATEDBYPOSTID,String
551,JOBHISTORY,ALLOCATEDTOPOSTID,String
552,JOBHISTORY,EDWEFFECTIVEFROMTS,String
553,JOBHISTORY,EDWEFFECTIVETOTS,Unknown
554,JOBHISTORY,EDWLOADTS,String
555,JOBHISTORY,EDWSEQ_NO,Integral
556,JOBHISTORY,EDWSOFT_DEL_IND,Integral
557,JOBHISTORY,EDWSTG_ROW_OP,Integral
558,JOBHISTORY,INSERTDATE,String
559,JOBHISTORY,JOBHISTORYID,String
560,JOBHISTORY,JOBHISTORY_PKID,String
561,JOBHISTORY,JOBID,String
562,JOBHISTORY,JOBSTATUSID,String
563,JOBHISTORY,ODSTIMESTAMP,String
564,JOBHISTORY,SHIPID,String
565,JOBHISTORY,SYS_CHANGE_OPERATION,String
566,JOBHISTORY,UPDATEDATE,String
567,JOBHISTORY,UPDATEDBYPERSONID,String
568,JOBLAGGING,EDWEFFECTIVEFROMTS,String
569,JOBLAGGING,EDWEFFECTIVETOTS,Unknown
570,JOBLAGGING,EDWLOADTS,String
571,JOBLAGGING,EDWSEQ_NO,Integral
572,JOBLAGGING,EDWSOFT_DEL_IND,Integral
573,JOBLAGGING,EDWSTG_ROW_OP,Integral
574,JOBLAGGING,INSERTDATE,String
575,JOBLAGGING,JOBID,String
576,JOBLAGGING,JOBLAGGING_PKID,String
577,JOBLAGGING,LAGGINGAREA,Fractional
578,JOBLAGGING,LAGGINGEXTDIAM,Integral
579,JOBLAGGING,LAGGINGFLANGEDIAM,Integral
580,JOBLAGGING,LAGGINGID,String
581,JOBLAGGING,LAGGINGINTDIAM,Integral
582,JOBLAGGING,LAGGINGLENGTH,Fractional
583,JOBLAGGING,LAGGINGNOOFFLANGES,Integral
584,JOBLAGGING,LAGGINGTHICKNESS,Fractional
585,JOBLAGGING,LAGGINGTYPE,String
586,JOBLAGGING,ODSTIMESTAMP,String
587,JOBLAGGING,SHIPID,String
588,JOBLAGGING,SYS_CHANGE_OPERATION,String
589,JOBLAGGING,UPDATEDATE,String
590,JOBPART,EDWEFFECTIVEFROMTS,String
591,JOBPART,EDWEFFECTIVETOTS,Unknown
592,JOBPART,EDWLOADTS,String
593,JOBPART,EDWSEQ_NO,Integral
594,JOBPART,EDWSOFT_DEL_IND,Integral
595,JOBPART,EDWSTG_ROW_OP,Integral
596,JOBPART,INSERTDATE,String
597,JOBPART,JOBID,String
598,JOBPART,JOBPART_PKID,String
599,JOBPART,ODSTIMESTAMP,String
600,JOBPART,PARTNO,String
601,JOBPART,QUANTITYID,Unknown
602,JOBPART,QUANTITYNAME,Unknown
603,JOBPART,REQUESTQUANTITY,Integral
604,JOBPART,SHIPID,String
605,JOBPART,STOREREQUESTID,String
606,JOBPART,SYS_CHANGE_OPERATION,String
607,JOBPART,UPDATEDATE,String
608,JOBSHIPSHUSBANDRY,AREASQUAREMETRES,String
609,JOBSHIPSHUSBANDRY,COLOURORFINISH,String
610,JOBSHIPSHUSBANDRY,EDWEFFECTIVEFROMTS,String
611,JOBSHIPSHUSBANDRY,EDWEFFECTIVETOTS,Unknown
612,JOBSHIPSHUSBANDRY,EDWLOADTS,String
613,JOBSHIPSHUSBANDRY,EDWSEQ_NO,Integral
614,JOBSHIPSHUSBANDRY,EDWSOFT_DEL_IND,Integral
615,JOBSHIPSHUSBANDRY,EDWSTG_ROW_OP,Integral
616,JOBSHIPSHUSBANDRY,INSERTDATE,String
617,JOBSHIPSHUSBANDRY,JOBID,String
618,JOBSHIPSHUSBANDRY,JOBSHIPSHUSBANDRYID,String
619,JOBSHIPSHUSBANDRY,JOBSHIPSHUSBANDRY_PKID,String
620,JOBSHIPSHUSBANDRY,JOBTYPE,String
621,JOBSHIPSHUSBANDRY,ODSTIMESTAMP,String
622,JOBSHIPSHUSBANDRY,PREPARATORYWORK,String
623,JOBSHIPSHUSBANDRY,SHASSOCIATEDWORK,String
624,JOBSHIPSHUSBANDRY,SHCOMMENTS,String
625,JOBSHIPSHUSBANDRY,SHIPID,String
626,JOBSHIPSHUSBANDRY,SHMATERIALTYPE,String
627,JOBSHIPSHUSBANDRY,SYS_CHANGE_OPERATION,String
628,JOBSHIPSHUSBANDRY,UPDATEDATE,String
629,JOBTALLY,BACKGROUNDCOLOURORFINISH,String
630,JOBTALLY,EDWEFFECTIVEFROMTS,String
631,JOBTALLY,EDWEFFECTIVETOTS,Unknown
632,JOBTALLY,EDWLOADTS,String
633,JOBTALLY,EDWSEQ_NO,Integral
634,JOBTALLY,EDWSOFT_DEL_IND,Integral
635,JOBTALLY,EDWSTG_ROW_OP,Integral
636,JOBTALLY,HEIGHTCENTIMETRES,Fractional
637,JOBTALLY,INSERTDATE,String
638,JOBTALLY,JOBID,String
639,JOBTALLY,JOBTALLY_PKID,String
640,JOBTALLY,ODSTIMESTAMP,String
641,JOBTALLY,SHIPID,String
642,JOBTALLY,SYS_CHANGE_OPERATION,String
643,JOBTALLY,TALLYID,String
644,JOBTALLY,TALLYMATERIAL,String
645,JOBTALLY,TALLYTEXT,String
646,JOBTALLY,TEXTCOLOURORFINISH,String
647,JOBTALLY,TEXTHEIGHTCENTIMETRES,Fractional
648,JOBTALLY,UPDATEDATE,String
649,JOBTALLY,WIDTHCENTIMETRES,Fractional
650,LOCATION,EDWEFFECTIVEFROMTS,String
651,LOCATION,EDWEFFECTIVETOTS,Unknown
652,LOCATION,EDWLOADTS,String
653,LOCATION,EDWSEQ_NO,Integral
654,LOCATION,EDWSOFT_DEL_IND,Integral
655,LOCATION,EDWSTG_ROW_OP,Integral
656,LOCATION,INSERTDATE,String
657,LOCATION,LOCATIONDESCRIPTION,String
658,LOCATION,LOCATIONID,String
659,LOCATION,LOCATION_PKID,String
660,LOCATION,ODSTIMESTAMP,String
661,LOCATION,SHIPID,String
662,LOCATION,SYS_CHANGE_OPERATION,String
663,LOCATION,UPDATEDATE,String
664,LOOKUP,DESCRIPTION,String
665,LOOKUP,EDWEFFECTIVEFROMTS,String
666,LOOKUP,EDWEFFECTIVETOTS,Unknown
667,LOOKUP,EDWLOADTS,String
668,LOOKUP,EDWSEQ_NO,Integral
669,LOOKUP,EDWSOFT_DEL_IND,Integral
670,LOOKUP,EDWSTG_ROW_OP,Integral
671,LOOKUP,INSERTDATE,String
672,LOOKUP,LOOKUPID,String
673,LOOKUP,LOOKUP_PKID,String
674,LOOKUP,ODSTIMESTAMP,String
675,LOOKUP,SYS_CHANGE_OPERATION,String
676,LOOKUP,TYPEID,String
677,LOOKUP,UPDATEDATE,String
678,MAINTENANCETYPE,CHANGEFITTEDPART,Integral
679,MAINTENANCETYPE,EDWEFFECTIVEFROMTS,String
680,MAINTENANCETYPE,EDWEFFECTIVETOTS,Unknown
681,MAINTENANCETYPE,EDWLOADTS,String
682,MAINTENANCETYPE,EDWSEQ_NO,Integral
683,MAINTENANCETYPE,EDWSOFT_DEL_IND,Integral
684,MAINTENANCETYPE,EDWSTG_ROW_OP,Integral
685,MAINTENANCETYPE,INSERTDATE,String
686,MAINTENANCETYPE,ISLIVE,Integral
687,MAINTENANCETYPE,MAINTENANCETYPEID,String
688,MAINTENANCETYPE,MAINTENANCETYPENAME,String
689,MAINTENANCETYPE,MAINTENANCETYPE_PKID,String
690,MAINTENANCETYPE,ODSTIMESTAMP,String
691,MAINTENANCETYPE,REPORTINGTYPEVERSIONID,String
692,MAINTENANCETYPE,SYS_CHANGE_OPERATION,String
693,MAINTENANCETYPE,UPDATEDATE,String
694,MAINTENANCETYPEATTRIBUTE,EDWEFFECTIVEFROMTS,String
695,MAINTENANCETYPEATTRIBUTE,EDWEFFECTIVETOTS,Unknown
696,MAINTENANCETYPEATTRIBUTE,EDWLOADTS,String
697,MAINTENANCETYPEATTRIBUTE,EDWSEQ_NO,Integral
698,MAINTENANCETYPEATTRIBUTE,EDWSOFT_DEL_IND,Integral
699,MAINTENANCETYPEATTRIBUTE,EDWSTG_ROW_OP,Integral
700,MAINTENANCETYPEATTRIBUTE,INSERTDATE,String
701,MAINTENANCETYPEATTRIBUTE,ISLIVE,Integral
702,MAINTENANCETYPEATTRIBUTE,ISMANDATORY,Integral
703,MAINTENANCETYPEATTRIBUTE,MAINTENANCETYPEID,String
704,MAINTENANCETYPEATTRIBUTE,MAINTTYPATTRI_PKID,String
705,MAINTENANCETYPEATTRIBUTE,ODSTIMESTAMP,String
706,MAINTENANCETYPEATTRIBUTE,ORDERID,Integral
707,MAINTENANCETYPEATTRIBUTE,REPORTINGATTRIBUTEID,String
708,MAINTENANCETYPEATTRIBUTE,REPORTINGTYPEVERSIONID,String
709,MAINTENANCETYPEATTRIBUTE,SYS_CHANGE_OPERATION,String
710,MAINTENANCETYPEATTRIBUTE,UPDATEDATE,String
711,MANUFACTURER,CAGE,String
712,MANUFACTURER,EDWEFFECTIVEFROMTS,String
713,MANUFACTURER,EDWEFFECTIVETOTS,Unknown
714,MANUFACTURER,EDWLOADTS,String
715,MANUFACTURER,EDWSEQ_NO,Integral
716,MANUFACTURER,EDWSOFT_DEL_IND,Integral
717,MANUFACTURER,EDWSTG_ROW_OP,Integral
718,MANUFACTURER,INSERTDATE,String
719,MANUFACTURER,MANUFACTURERID,String
720,MANUFACTURER,MANUFACTURERNAME,String
721,MANUFACTURER,MANUFACTURER_PKID,String
722,MANUFACTURER,ODSTIMESTAMP,String
723,MANUFACTURER,SYS_CHANGE_OPERATION,String
724,MANUFACTURER,UPDATEDATE,String
725,MEASUREMENT,ACCREF,String
726,MEASUREMENT,ASSETRESET,Integral
727,MEASUREMENT,DATEREPORTED,String
728,MEASUREMENT,EDWEFFECTIVEFROMTS,String
729,MEASUREMENT,EDWEFFECTIVETOTS,Unknown
730,MEASUREMENT,EDWLOADTS,String
731,MEASUREMENT,EDWSEQ_NO,Integral
732,MEASUREMENT,EDWSOFT_DEL_IND,Integral
733,MEASUREMENT,EDWSTG_ROW_OP,Integral
734,MEASUREMENT,INSERTDATE,String
735,MEASUREMENT,JOBID,String
736,MEASUREMENT,MEASUREMENTGROUPID,Unknown
737,MEASUREMENT,MEASUREMENT_PKID,String
738,MEASUREMENT,ODSTIMESTAMP,String
739,MEASUREMENT,PARAMETERID,String
740,MEASUREMENT,PARAMETERVALUEID,String
741,MEASUREMENT,PARTNO,String
742,MEASUREMENT,PERSONID,String
743,MEASUREMENT,S2022ID,Unknown
744,MEASUREMENT,SERIALNO,String
745,MEASUREMENT,SHIPID,String
746,MEASUREMENT,SYS_CHANGE_OPERATION,String
747,MEASUREMENT,UNITID,String
748,MEASUREMENT,UPDATEDATE,String
749,MEASUREMENT,VALDATETIME,String
750,MEASUREMENT,VALDOUBLE,Fractional
751,MEASUREMENT,VALINTEGER,Integral
752,MEASUREMENT,VALLOOKUPID,String
753,MEASUREMENT,VALSTRING,Unknown
754,MEASUREMENT,VALTEXT,Unknown
755,NOTE,EDWEFFECTIVEFROMTS,String
756,NOTE,EDWEFFECTIVETOTS,Unknown
757,NOTE,EDWLOADTS,String
758,NOTE,EDWSEQ_NO,Integral
759,NOTE,EDWSOFT_DEL_IND,Integral
760,NOTE,EDWSTG_ROW_OP,Integral
761,NOTE,INSERTDATE,String
762,NOTE,NOTEID,String
763,NOTE,NOTEOWNERID,String
764,NOTE,NOTE_PKID,String
765,NOTE,ODSTIMESTAMP,String
766,NOTE,PERSONID,String
767,NOTE,REPORTDATE,String
768,NOTE,REVIEWED,String
769,NOTE,REVIEWEDBYID,String
770,NOTE,REVIEWEDDATE,String
771,NOTE,REVIEWERTEXT,String
772,NOTE,SHIPID,String
773,NOTE,SYS_CHANGE_OPERATION,String
774,NOTE,TEXTFIELD,String
775,NOTE,TITLE,String
776,NOTE,UPDATEDATE,String
777,OPDEF,CATEGORY,String
778,OPDEF,DTG,String
779,OPDEF,EDWEFFECTIVEFROMTS,String
780,OPDEF,EDWEFFECTIVETOTS,Unknown
781,OPDEF,EDWLOADTS,String
782,OPDEF,EDWSEQ_NO,Integral
783,OPDEF,EDWSOFT_DEL_IND,Integral
784,OPDEF,EDWSTG_ROW_OP,Integral
785,OPDEF,INSERTDATE,String
786,OPDEF,ODSTIMESTAMP,String
787,OPDEF,OPDEFID,String
788,OPDEF,OPDEFPARENTID,String
789,OPDEF,OPDEF_PKID,String
790,OPDEF,RECTIFIED,Integral
791,OPDEF,RECTIFIEDDTG,String
792,OPDEF,SERIALNUMBER,String
793,OPDEF,SHIPID,String
794,OPDEF,SIC,String
795,OPDEF,SITREPNUMBER,Integral
796,OPDEF,SYS_CHANGE_OPERATION,String
797,OPDEF,TITLE,String
798,OPDEF,UPDATEDATE,String
799,PART,EDWEFFECTIVEFROMTS,String
800,PART,EDWEFFECTIVETOTS,Integral
801,PART,EDWLOADTS,String
802,PART,EDWSEQ_NO,String
803,PART,EDWSOFT_DEL_IND,String
804,PART,EDWSTG_ROW_OP,String
805,PART,IIN,String
806,PART,INC,String
807,PART,INSERTDATE,String
808,PART,NC,String
809,PART,NSC,String
810,PART,ODSTIMESTAMP,String
811,PART,PARTDESC,String
812,PART,PARTNO,String
813,PART,PART_PKID,String
814,PART,SYS_CHANGE_OPERATION,String
815,PART,UPDATEDATE,String
816,PARTASSEMBLY,ACCREF,String
817,PARTASSEMBLY,EDWEFFECTIVEFROMTS,String
818,PARTASSEMBLY,EDWEFFECTIVETOTS,Unknown
819,PARTASSEMBLY,EDWLOADTS,String
820,PARTASSEMBLY,EDWSEQ_NO,Integral
821,PARTASSEMBLY,EDWSOFT_DEL_IND,Integral
822,PARTASSEMBLY,EDWSTG_ROW_OP,Integral
823,PARTASSEMBLY,INSERTDATE,String
824,PARTASSEMBLY,INSTALLATIONDATE,String
825,PARTASSEMBLY,MANUFACTURERID,String
826,PARTASSEMBLY,MODSTATE,String
827,PARTASSEMBLY,ODSTIMESTAMP,String
828,PARTASSEMBLY,PARTASSEMBLY_PKID,String
829,PARTASSEMBLY,PARTNO,String
830,PARTASSEMBLY,SERIALNO,String
831,PARTASSEMBLY,SHIPID,String
832,PARTASSEMBLY,SYS_CHANGE_OPERATION,String
833,PARTASSEMBLY,UPDATEDATE,String
834,PARTASSEMBLYTRANSACTION,DESTINATIONACCREF,String
835,PARTASSEMBLYTRANSACTION,EDWEFFECTIVEFROMTS,String
836,PARTASSEMBLYTRANSACTION,EDWEFFECTIVETOTS,Unknown
837,PARTASSEMBLYTRANSACTION,EDWLOADTS,String
838,PARTASSEMBLYTRANSACTION,EDWSEQ_NO,Integral
839,PARTASSEMBLYTRANSACTION,EDWSOFT_DEL_IND,Integral
840,PARTASSEMBLYTRANSACTION,EDWSTG_ROW_OP,Integral
841,PARTASSEMBLYTRANSACTION,INSERTDATE,String
842,PARTASSEMBLYTRANSACTION,ODSTIMESTAMP,String
843,PARTASSEMBLYTRANSACTION,PARTASSEMBLYTRANSACTIONID,String
844,PARTASSEMBLYTRANSACTION,PARTASSEMBLYTRANSACTION_PKID,String
845,PARTASSEMBLYTRANSACTION,PARTNO,String
846,PARTASSEMBLYTRANSACTION,SERIALNO,String
847,PARTASSEMBLYTRANSACTION,SHIPID,String
848,PARTASSEMBLYTRANSACTION,SOURCEACCREF,String
849,PARTASSEMBLYTRANSACTION,SYS_CHANGE_OPERATION,String
850,PARTASSEMBLYTRANSACTION,TRANSACTIONDATE,String
851,PARTASSEMBLYTRANSACTION,UPDATEDATE,String
852,PERSON,EDWEFFECTIVEFROMTS,String
853,PERSON,EDWEFFECTIVETOTS,Unknown
854,PERSON,EDWLOADTS,String
855,PERSON,EDWSEQ_NO,Integral
856,PERSON,EDWSOFT_DEL_IND,Integral
857,PERSON,EDWSTG_ROW_OP,Integral
858,PERSON,INSERTDATE,String
859,PERSON,ODSTIMESTAMP,String
860,PERSON,PERSONID,String
861,PERSON,PERSON_PKID,String
862,PERSON,SYS_CHANGE_OPERATION,String
863,PERSON,UPDATEDATE,String
864,POST,EDWEFFECTIVEFROMTS,String
865,POST,EDWEFFECTIVETOTS,Unknown
866,POST,EDWLOADTS,String
867,POST,EDWSEQ_NO,Integral
868,POST,EDWSOFT_DEL_IND,Integral
869,POST,EDWSTG_ROW_OP,Integral
870,POST,INSERTDATE,String
871,POST,ODSTIMESTAMP,String
872,POST,POSTFULLNAME,String
873,POST,POSTID,String
874,POST,POSTSHORTNAME,String
875,POST,POST_PKID,String
876,POST,SYS_CHANGE_OPERATION,String
877,POST,UPDATEDATE,String
878,RCMACTION,ACTIONSUBTYPE,Integral
879,RCMACTION,ACTIONTEXT,String
880,RCMACTION,ACTIONTYPE,Integral
881,RCMACTION,EDWEFFECTIVEFROMTS,String
882,RCMACTION,EDWEFFECTIVETOTS,Unknown
883,RCMACTION,EDWLOADTS,String
884,RCMACTION,EDWSEQ_NO,Integral
885,RCMACTION,EDWSOFT_DEL_IND,Integral
886,RCMACTION,EDWSTG_ROW_OP,Integral
887,RCMACTION,INSERTDATE,String
888,RCMACTION,LOGICGENERATED,Integral
889,RCMACTION,ODSTIMESTAMP,String
890,RCMACTION,RCMACTIONGROUPID,String
891,RCMACTION,RCMACTIONID,String
892,RCMACTION,RCMACTION_PKID,String
893,RCMACTION,RCMANALYSISVERSIONID,String
894,RCMACTION,SYS_CHANGE_OPERATION,String
895,RCMACTION,TASKID,String
896,RCMACTION,UPDATEDATE,String
897,RCMACTIONGROUP,ACTIONGROUPTEXT,String
898,RCMACTIONGROUP,ACTIONGROUPTYPE,String
899,RCMACTIONGROUP,EDWEFFECTIVEFROMTS,String
900,RCMACTIONGROUP,EDWEFFECTIVETOTS,Unknown
901,RCMACTIONGROUP,EDWLOADTS,String
902,RCMACTIONGROUP,EDWSEQ_NO,Integral
903,RCMACTIONGROUP,EDWSOFT_DEL_IND,Integral
904,RCMACTIONGROUP,EDWSTG_ROW_OP,Integral
905,RCMACTIONGROUP,INSERTDATE,String
906,RCMACTIONGROUP,ODSTIMESTAMP,String
907,RCMACTIONGROUP,RCMACTIONGROUPID,String
908,RCMACTIONGROUP,RCMACTIONGROUP_PKID,String
909,RCMACTIONGROUP,RCMANALYSISVERSIONID,String
910,RCMACTIONGROUP,SELECTED,Integral
911,RCMACTIONGROUP,SYS_CHANGE_OPERATION,String
912,RCMACTIONGROUP,UPDATEDATE,String
913,RCMACTIONSCHEDULE,EDWEFFECTIVEFROMTS,String
914,RCMACTIONSCHEDULE,EDWEFFECTIVETOTS,Unknown
915,RCMACTIONSCHEDULE,EDWLOADTS,String
916,RCMACTIONSCHEDULE,EDWSEQ_NO,Integral
917,RCMACTIONSCHEDULE,EDWSOFT_DEL_IND,Integral
918,RCMACTIONSCHEDULE,EDWSTG_ROW_OP,Integral
919,RCMACTIONSCHEDULE,INSERTDATE,String
920,RCMACTIONSCHEDULE,INTERVAL,Fractional
921,RCMACTIONSCHEDULE,INTERVALTYPE,String
922,RCMACTIONSCHEDULE,INTERVALUNITID,String
923,RCMACTIONSCHEDULE,ODSTIMESTAMP,String
924,RCMACTIONSCHEDULE,PARAMETERSCHEDULETYPE,Integral
925,RCMACTIONSCHEDULE,PARAMETERTRIGGERTYPE,String
926,RCMACTIONSCHEDULE,RCMACTIONID,String
927,RCMACTIONSCHEDULE,RCMACTIONSCHEDULEID,String
928,RCMACTIONSCHEDULE,RCMACTIONSCHEDULE_PKID,String
929,RCMACTIONSCHEDULE,RCMANALYSISVERSIONID,String
930,RCMACTIONSCHEDULE,SCHEDULETYPE,String
931,RCMACTIONSCHEDULE,SYS_CHANGE_OPERATION,String
932,RCMACTIONSCHEDULE,UPDATEDATE,String
933,RCMACTIONSCHEDULE,VALIDDATERANGEEND,Unknown
934,RCMACTIONSCHEDULE,VALIDDATERANGESTART,Unknown
935,RCMACTIONSCHEDULE,VALIDUSAGERANGEEND,Fractional
936,RCMACTIONSCHEDULE,VALIDUSAGERANGESTART,Fractional
937,RCMANALYSIS,CHECKOUTDATE,String
938,RCMANALYSIS,CHECKOUTPERSONID,String
939,RCMANALYSIS,EDWEFFECTIVEFROMTS,String
940,RCMANALYSIS,EDWEFFECTIVETOTS,Unknown
941,RCMANALYSIS,EDWLOADTS,String
942,RCMANALYSIS,EDWSEQ_NO,Integral
943,RCMANALYSIS,EDWSOFT_DEL_IND,Integral
944,RCMANALYSIS,EDWSTG_ROW_OP,Integral
945,RCMANALYSIS,INSERTDATE,String
946,RCMANALYSIS,LIVE,Integral
947,RCMANALYSIS,ODSTIMESTAMP,String
948,RCMANALYSIS,RCMANALYSISID,String
949,RCMANALYSIS,RCMANALYSISMAJORVERSION,Integral
950,RCMANALYSIS,RCMANALYSISMINORVERSION,Integral
951,RCMANALYSIS,RCMANALYSISTITLE,String
952,RCMANALYSIS,RCMANALYSISVERSIONID,String
953,RCMANALYSIS,RCMANALYSIS_PKID,String
954,RCMANALYSIS,RCMULOGICID,String
955,RCMANALYSIS,STATUSID,String
956,RCMANALYSIS,SYS_CHANGE_OPERATION,String
957,RCMANALYSIS,UPDATEDATE,String
958,RCMANALYSISAPPROVERGROUP,APPROVERGROUPID,String
959,RCMANALYSISAPPROVERGROUP,APPRVGRP_PKID,String
960,RCMANALYSISAPPROVERGROUP,EDWEFFECTIVEFROMTS,String
961,RCMANALYSISAPPROVERGROUP,EDWEFFECTIVETOTS,Unknown
962,RCMANALYSISAPPROVERGROUP,EDWLOADTS,String
963,RCMANALYSISAPPROVERGROUP,EDWSEQ_NO,Integral
964,RCMANALYSISAPPROVERGROUP,EDWSOFT_DEL_IND,Integral
965,RCMANALYSISAPPROVERGROUP,EDWSTG_ROW_OP,Integral
966,RCMANALYSISAPPROVERGROUP,INSERTDATE,Unknown
967,RCMANALYSISAPPROVERGROUP,ODSTIMESTAMP,String
968,RCMANALYSISAPPROVERGROUP,RCMANALYSISVERSIONID,String
969,RCMANALYSISAPPROVERGROUP,SYS_CHANGE_OPERATION,String
970,RCMANALYSISAPPROVERGROUP,UPDATEDATE,Unknown
971,RCMANALYSISCHECKOUTREASON,CHCKOUTREASON_PKID,String
972,RCMANALYSISCHECKOUTREASON,CHECKOUTREASON,String
973,RCMANALYSISCHECKOUTREASON,EDWEFFECTIVEFROMTS,String
974,RCMANALYSISCHECKOUTREASON,EDWEFFECTIVETOTS,String
975,RCMANALYSISCHECKOUTREASON,EDWLOADTS,String
976,RCMANALYSISCHECKOUTREASON,EDWSEQ_NO,String
977,RCMANALYSISCHECKOUTREASON,EDWSOFT_DEL_IND,String
978,RCMANALYSISCHECKOUTREASON,EDWSTG_ROW_OP,String
979,RCMANALYSISCHECKOUTREASON,INSERTDATE,String
980,RCMANALYSISCHECKOUTREASON,ODSTIMESTAMP,String
981,RCMANALYSISCHECKOUTREASON,RCMANALYSISVERSIONID,String
982,RCMANALYSISCHECKOUTREASON,SYS_CHANGE_OPERATION,String
983,RCMANALYSISCHECKOUTREASON,UPDATEDATE,String
984,RCMANALYSISCUSTOMER,EDWEFFECTIVEFROMTS,String
985,RCMANALYSISCUSTOMER,EDWEFFECTIVETOTS,Unknown
986,RCMANALYSISCUSTOMER,EDWLOADTS,String
987,RCMANALYSISCUSTOMER,EDWSEQ_NO,Integral
988,RCMANALYSISCUSTOMER,EDWSOFT_DEL_IND,Integral
989,RCMANALYSISCUSTOMER,EDWSTG_ROW_OP,Integral
990,RCMANALYSISCUSTOMER,INSERTDATE,String
991,RCMANALYSISCUSTOMER,ODSTIMESTAMP,String
992,RCMANALYSISCUSTOMER,RCMANALYSISCUSTOMER_PKID,String
993,RCMANALYSISCUSTOMER,RCMANALYSISID,String
994,RCMANALYSISCUSTOMER,RCMANALYSISVERSIONID,String
995,RCMANALYSISCUSTOMER,SHIPID,String
996,RCMANALYSISCUSTOMER,SYS_CHANGE_OPERATION,String
997,RCMANALYSISCUSTOMER,UPDATEDATE,String
998,RCMANALYSISDETAIL,EDWEFFECTIVEFROMTS,String
999,RCMANALYSISDETAIL,EDWEFFECTIVETOTS,String
1000,RCMANALYSISDETAIL,EDWLOADTS,String
1001,RCMANALYSISDETAIL,EDWSEQ_NO,String
1002,RCMANALYSISDETAIL,EDWSOFT_DEL_IND,String
1003,RCMANALYSISDETAIL,EDWSTG_ROW_OP,String
1004,RCMANALYSISDETAIL,INSERTDATE,String
1005,RCMANALYSISDETAIL,ODSTIMESTAMP,String
1006,RCMANALYSISDETAIL,RCMANALYSISDETAILID,String
1007,RCMANALYSISDETAIL,RCMANALYSISDETAIL_PKID,String
1008,RCMANALYSISDETAIL,RCMANALYSISVERSIONID,String
1009,RCMANALYSISDETAIL,REFERENCEID1,String
1010,RCMANALYSISDETAIL,REFERENCEID2,String
1011,RCMANALYSISDETAIL,SYS_CHANGE_OPERATION,String
1012,RCMANALYSISDETAIL,UPDATEDATE,String
1013,RCMANALYSISDETAIL,VALBOOLEAN,String
1014,RCMANALYSISDETAIL,VALDATETIME,String
1015,RCMANALYSISDETAIL,VALDOUBLE,String
1016,RCMANALYSISDETAIL,VALINTEGER,String
1017,RCMANALYSISDETAIL,VALLONGTEXT,String
1018,RCMANALYSISDETAIL,VALSHORTTEXT,String
1019,RCMANALYSISDETAIL,VALSTRINGFKID,String
1020,RCMANALYSISFAILEFFECTACTINGRP,ACTIONGROUPTYPE,String
1021,RCMANALYSISFAILEFFECTACTINGRP,EDWEFFECTIVEFROMTS,String
1022,RCMANALYSISFAILEFFECTACTINGRP,EDWEFFECTIVETOTS,Unknown
1023,RCMANALYSISFAILEFFECTACTINGRP,EDWLOADTS,String
1024,RCMANALYSISFAILEFFECTACTINGRP,EDWSEQ_NO,Integral
1025,RCMANALYSISFAILEFFECTACTINGRP,EDWSOFT_DEL_IND,Integral
1026,RCMANALYSISFAILEFFECTACTINGRP,EDWSTG_ROW_OP,Integral
1027,RCMANALYSISFAILEFFECTACTINGRP,FAILEFFCTACTINGP_PKID,String
1028,RCMANALYSISFAILEFFECTACTINGRP,INSERTDATE,String
1029,RCMANALYSISFAILEFFECTACTINGRP,ODSTIMESTAMP,String
1030,RCMANALYSISFAILEFFECTACTINGRP,RCMACTIONGROUPID,String
1031,RCMANALYSISFAILEFFECTACTINGRP,RCMANALYSISVERSIONID,String
1032,RCMANALYSISFAILEFFECTACTINGRP,RCMFMID,String
1033,RCMANALYSISFAILEFFECTACTINGRP,SELECTED,Integral
1034,RCMANALYSISFAILEFFECTACTINGRP,SYS_CHANGE_OPERATION,String
1035,RCMANALYSISFAILEFFECTACTINGRP,UPDATEDATE,String
1036,RCMANALYSISFAILMODECUSTOMER,CUSTOMERID,String
1037,RCMANALYSISFAILMODECUSTOMER,EDWEFFECTIVEFROMTS,String
1038,RCMANALYSISFAILMODECUSTOMER,EDWEFFECTIVETOTS,Unknown
1039,RCMANALYSISFAILMODECUSTOMER,EDWLOADTS,String
1040,RCMANALYSISFAILMODECUSTOMER,EDWSEQ_NO,Integral
1041,RCMANALYSISFAILMODECUSTOMER,EDWSOFT_DEL_IND,Integral
1042,RCMANALYSISFAILMODECUSTOMER,EDWSTG_ROW_OP,Integral
1043,RCMANALYSISFAILMODECUSTOMER,FAILMDECUSTOMER_PKID,String
1044,RCMANALYSISFAILMODECUSTOMER,INSERTDATE,String
1045,RCMANALYSISFAILMODECUSTOMER,ODSTIMESTAMP,String
1046,RCMANALYSISFAILMODECUSTOMER,RCMANALYSISVERSIONID,String
1047,RCMANALYSISFAILMODECUSTOMER,RCMFMID,String
1048,RCMANALYSISFAILMODECUSTOMER,SELECTED,Integral
1049,RCMANALYSISFAILMODECUSTOMER,SHIPID,String
1050,RCMANALYSISFAILMODECUSTOMER,SYS_CHANGE_OPERATION,String
1051,RCMANALYSISFAILMODECUSTOMER,UPDATEDATE,String
1052,RCMANALYSISFAILUREMODE,CRITICALITYREF,String
1053,RCMANALYSISFAILUREMODE,CRITICALITYSELECTION,String
1054,RCMANALYSISFAILUREMODE,EDWEFFECTIVEFROMTS,String
1055,RCMANALYSISFAILUREMODE,EDWEFFECTIVETOTS,String
1056,RCMANALYSISFAILUREMODE,EDWLOADTS,String
1057,RCMANALYSISFAILUREMODE,EDWSEQ_NO,String
1058,RCMANALYSISFAILUREMODE,EDWSOFT_DEL_IND,String
1059,RCMANALYSISFAILUREMODE,EDWSTG_ROW_OP,String
1060,RCMANALYSISFAILUREMODE,ENDFAILUREEFFECT,String
1061,RCMANALYSISFAILUREMODE,FAILUREMODETEXT,String
1062,RCMANALYSISFAILUREMODE,FMREF,String
1063,RCMANALYSISFAILUREMODE,INSERTDATE,String
1064,RCMANALYSISFAILUREMODE,LOCALFAILUREEFFECT,String
1065,RCMANALYSISFAILUREMODE,NEXTHIGHERFAILUREEFFECT,String
1066,RCMANALYSISFAILUREMODE,ODSTIMESTAMP,String
1067,RCMANALYSISFAILUREMODE,RCMANALYSISFAILUREMODE_PKID,String
1068,RCMANALYSISFAILUREMODE,RCMANALYSISVERSIONID,String
1069,RCMANALYSISFAILUREMODE,RCMFFID,String
1070,RCMANALYSISFAILUREMODE,RCMFMID,String
1071,RCMANALYSISFAILUREMODE,SYS_CHANGE_OPERATION,String
1072,RCMANALYSISFAILUREMODE,UPDATEDATE,String
1073,RCMANALYSISFAILUREMODEAUDIT,AUDITCOMMENT,String
1074,RCMANALYSISFAILUREMODEAUDIT,COMMENTDATE,String
1075,RCMANALYSISFAILUREMODEAUDIT,COMMENTTYPE,String
1076,RCMANALYSISFAILUREMODEAUDIT,EDWEFFECTIVEFROMTS,String
1077,RCMANALYSISFAILUREMODEAUDIT,EDWEFFECTIVETOTS,Unknown
1078,RCMANALYSISFAILUREMODEAUDIT,EDWLOADTS,String
1079,RCMANALYSISFAILUREMODEAUDIT,EDWSEQ_NO,Integral
1080,RCMANALYSISFAILUREMODEAUDIT,EDWSOFT_DEL_IND,Integral
1081,RCMANALYSISFAILUREMODEAUDIT,EDWSTG_ROW_OP,Integral
1082,RCMANALYSISFAILUREMODEAUDIT,FAILMDEAUDIT_PKID,String
1083,RCMANALYSISFAILUREMODEAUDIT,INSERTDATE,String
1084,RCMANALYSISFAILUREMODEAUDIT,ODSTIMESTAMP,String
1085,RCMANALYSISFAILUREMODEAUDIT,PERSONID,String
1086,RCMANALYSISFAILUREMODEAUDIT,RCMANALYSISVERSIONID,String
1087,RCMANALYSISFAILUREMODEAUDIT,RCMFMAUDITID,String
1088,RCMANALYSISFAILUREMODEAUDIT,RCMFMID,String
1089,RCMANALYSISFAILUREMODEAUDIT,SYS_CHANGE_OPERATION,String
1090,RCMANALYSISFAILUREMODEAUDIT,UPDATEDATE,String
1091,RCMANALYSISFAILUREMODEDETAIL,EDWEFFECTIVEFROMTS,String
1092,RCMANALYSISFAILUREMODEDETAIL,EDWEFFECTIVETOTS,String
1093,RCMANALYSISFAILUREMODEDETAIL,EDWLOADTS,String
1094,RCMANALYSISFAILUREMODEDETAIL,EDWSEQ_NO,String
1095,RCMANALYSISFAILUREMODEDETAIL,EDWSOFT_DEL_IND,Integral
1096,RCMANALYSISFAILUREMODEDETAIL,EDWSTG_ROW_OP,Integral
1097,RCMANALYSISFAILUREMODEDETAIL,FAILMDEDETAIL_PKID,String
1098,RCMANALYSISFAILUREMODEDETAIL,INSERTDATE,String
1099,RCMANALYSISFAILUREMODEDETAIL,ODSTIMESTAMP,String
1100,RCMANALYSISFAILUREMODEDETAIL,RCMANALYSISVERSIONID,String
1101,RCMANALYSISFAILUREMODEDETAIL,RCMFMDETAILID,String
1102,RCMANALYSISFAILUREMODEDETAIL,RCMFMID,String
1103,RCMANALYSISFAILUREMODEDETAIL,REFERENCEID1,String
1104,RCMANALYSISFAILUREMODEDETAIL,REFERENCEID2,String
1105,RCMANALYSISFAILUREMODEDETAIL,SYS_CHANGE_OPERATION,String
1106,RCMANALYSISFAILUREMODEDETAIL,UPDATEDATE,String
1107,RCMANALYSISFAILUREMODEDETAIL,VALBOOLEAN,String
1108,RCMANALYSISFAILUREMODEDETAIL,VALDATETIME,String
1109,RCMANALYSISFAILUREMODEDETAIL,VALDOUBLE,String
1110,RCMANALYSISFAILUREMODEDETAIL,VALINTEGER,Integral
1111,RCMANALYSISFAILUREMODEDETAIL,VALLONGTEXT,String
1112,RCMANALYSISFAILUREMODEDETAIL,VALSHORTTEXT,String
1113,RCMANALYSISFAILUREMODEDETAIL,VALSTRINGFKID,String
1114,RCMANALYSISFAILUREMODEKEYWORD,EDWEFFECTIVEFROMTS,String
1115,RCMANALYSISFAILUREMODEKEYWORD,EDWEFFECTIVETOTS,Unknown
1116,RCMANALYSISFAILUREMODEKEYWORD,EDWLOADTS,String
1117,RCMANALYSISFAILUREMODEKEYWORD,EDWSEQ_NO,Integral
1118,RCMANALYSISFAILUREMODEKEYWORD,EDWSOFT_DEL_IND,Integral
1119,RCMANALYSISFAILUREMODEKEYWORD,EDWSTG_ROW_OP,Integral
1120,RCMANALYSISFAILUREMODEKEYWORD,FAILEMDEKEYWORD_PKID,String
1121,RCMANALYSISFAILUREMODEKEYWORD,INSERTDATE,Unknown
1122,RCMANALYSISFAILUREMODEKEYWORD,KEYWORD,String
1123,RCMANALYSISFAILUREMODEKEYWORD,KEYWORDID,String
1124,RCMANALYSISFAILUREMODEKEYWORD,ODSTIMESTAMP,String
1125,RCMANALYSISFAILUREMODEKEYWORD,RCMANALYSISVERSIONID,String
1126,RCMANALYSISFAILUREMODEKEYWORD,RCMFMID,String
1127,RCMANALYSISFAILUREMODEKEYWORD,SYS_CHANGE_OPERATION,String
1128,RCMANALYSISFAILUREMODEKEYWORD,UPDATEDATE,Unknown
1129,RCMANALYSISFAILUREMODELOGIC,EDWEFFECTIVEFROMTS,String
1130,RCMANALYSISFAILUREMODELOGIC,EDWEFFECTIVETOTS,Unknown
1131,RCMANALYSISFAILUREMODELOGIC,EDWLOADTS,String
1132,RCMANALYSISFAILUREMODELOGIC,EDWSEQ_NO,Integral
1133,RCMANALYSISFAILUREMODELOGIC,EDWSOFT_DEL_IND,Integral
1134,RCMANALYSISFAILUREMODELOGIC,EDWSTG_ROW_OP,Integral
1135,RCMANALYSISFAILUREMODELOGIC,FAILEMDELOGIC_PKID,String
1136,RCMANALYSISFAILUREMODELOGIC,INSERTDATE,String
1137,RCMANALYSISFAILUREMODELOGIC,ODSTIMESTAMP,String
1138,RCMANALYSISFAILUREMODELOGIC,RCMANALYSISVERSIONID,String
1139,RCMANALYSISFAILUREMODELOGIC,RCMFMID,String
1140,RCMANALYSISFAILUREMODELOGIC,RCMLOGICID,String
1141,RCMANALYSISFAILUREMODELOGIC,RCMLOGICRESPONSE,Integral
1142,RCMANALYSISFAILUREMODELOGIC,RCMLOGICTSID,String
1143,RCMANALYSISFAILUREMODELOGIC,SYS_CHANGE_OPERATION,String
1144,RCMANALYSISFAILUREMODELOGIC,UPDATEDATE,String
1145,RCMANALYSISFUNCTION,EDWEFFECTIVEFROMTS,String
1146,RCMANALYSISFUNCTION,EDWEFFECTIVETOTS,Unknown
1147,RCMANALYSISFUNCTION,EDWLOADTS,String
1148,RCMANALYSISFUNCTION,EDWSEQ_NO,Integral
1149,RCMANALYSISFUNCTION,EDWSOFT_DEL_IND,Integral
1150,RCMANALYSISFUNCTION,EDWSTG_ROW_OP,Integral
1151,RCMANALYSISFUNCTION,FREF,Integral
1152,RCMANALYSISFUNCTION,FUNCTIONTEXT,String
1153,RCMANALYSISFUNCTION,INSERTDATE,String
1154,RCMANALYSISFUNCTION,ODSTIMESTAMP,String
1155,RCMANALYSISFUNCTION,RCMANALYSISFUNCTION_PKID,String
1156,RCMANALYSISFUNCTION,RCMANALYSISID,String
1157,RCMANALYSISFUNCTION,RCMANALYSISVERSIONID,String
1158,RCMANALYSISFUNCTION,RCMFID,String
1159,RCMANALYSISFUNCTION,SYS_CHANGE_OPERATION,String
1160,RCMANALYSISFUNCTION,UPDATEDATE,String
1161,RCMANALYSISFUNCTIONFAILURE,EDWEFFECTIVEFROMTS,String
1162,RCMANALYSISFUNCTIONFAILURE,EDWEFFECTIVETOTS,Fractional
1163,RCMANALYSISFUNCTIONFAILURE,EDWLOADTS,String
1164,RCMANALYSISFUNCTIONFAILURE,EDWSEQ_NO,String
1165,RCMANALYSISFUNCTIONFAILURE,EDWSOFT_DEL_IND,Integral
1166,RCMANALYSISFUNCTIONFAILURE,EDWSTG_ROW_OP,Integral
1167,RCMANALYSISFUNCTIONFAILURE,FFREF,String
1168,RCMANALYSISFUNCTIONFAILURE,FUNCTINFAI_PKID,String
1169,RCMANALYSISFUNCTIONFAILURE,FUNCTIONFAILURETEXT,String
1170,RCMANALYSISFUNCTIONFAILURE,INSERTDATE,String
1171,RCMANALYSISFUNCTIONFAILURE,ODSTIMESTAMP,String
1172,RCMANALYSISFUNCTIONFAILURE,RCMANALYSISVERSIONID,String
1173,RCMANALYSISFUNCTIONFAILURE,RCMFFID,String
1174,RCMANALYSISFUNCTIONFAILURE,RCMFID,String
1175,RCMANALYSISFUNCTIONFAILURE,SYS_CHANGE_OPERATION,String
1176,RCMANALYSISFUNCTIONFAILURE,UPDATEDATE,String
1177,REPORTINGATTRIBUTE,EDWEFFECTIVEFROMTS,String
1178,REPORTINGATTRIBUTE,EDWEFFECTIVETOTS,Unknown
1179,REPORTINGATTRIBUTE,EDWLOADTS,String
1180,REPORTINGATTRIBUTE,EDWSEQ_NO,Integral
1181,REPORTINGATTRIBUTE,EDWSOFT_DEL_IND,Integral
1182,REPORTINGATTRIBUTE,EDWSTG_ROW_OP,Integral
1183,REPORTINGATTRIBUTE,INCLUDEINJIC,Integral
1184,REPORTINGATTRIBUTE,INSERTDATE,String
1185,REPORTINGATTRIBUTE,ISLIVE,Integral
1186,REPORTINGATTRIBUTE,ODSTIMESTAMP,String
1187,REPORTINGATTRIBUTE,ORDERID,Integral
1188,REPORTINGATTRIBUTE,PARAMETERID,String
1189,REPORTINGATTRIBUTE,PARAMETERTEXT,String
1190,REPORTINGATTRIBUTE,REPORTINGATTRIBUTEID,String
1191,REPORTINGATTRIBUTE,REPORTINGATTRIBUTE_PKID,String
1192,REPORTINGATTRIBUTE,REPORTINGTYPEVERSIONID,String
1193,REPORTINGATTRIBUTE,SYS_CHANGE_OPERATION,String
1194,REPORTINGATTRIBUTE,UPDATEDATE,String
1195,REPORTINGTYPE,EDWEFFECTIVEFROMTS,String
1196,REPORTINGTYPE,EDWEFFECTIVETOTS,Unknown
1197,REPORTINGTYPE,EDWLOADTS,String
1198,REPORTINGTYPE,EDWSEQ_NO,Integral
1199,REPORTINGTYPE,EDWSOFT_DEL_IND,Integral
1200,REPORTINGTYPE,EDWSTG_ROW_OP,Integral
1201,REPORTINGTYPE,INSERTDATE,String
1202,REPORTINGTYPE,ISLIVE,Integral
1203,REPORTINGTYPE,ODSTIMESTAMP,String
1204,REPORTINGTYPE,REPORTINGTYPEID,String
1205,REPORTINGTYPE,REPORTINGTYPENAME,String
1206,REPORTINGTYPE,REPORTINGTYPEVERSIONID,String
1207,REPORTINGTYPE,REPORTINGTYPE_PKID,String
1208,REPORTINGTYPE,SYS_CHANGE_OPERATION,String
1209,REPORTINGTYPE,UPDATEDATE,String
1210,REPORTINGTYPEREPORT,EDWEFFECTIVEFROMTS,String
1211,REPORTINGTYPEREPORT,EDWEFFECTIVETOTS,Unknown
1212,REPORTINGTYPEREPORT,EDWLOADTS,String
1213,REPORTINGTYPEREPORT,EDWSEQ_NO,Integral
1214,REPORTINGTYPEREPORT,EDWSOFT_DEL_IND,Integral
1215,REPORTINGTYPEREPORT,EDWSTG_ROW_OP,Integral
1216,REPORTINGTYPEREPORT,INCLUDEJOBHISTORY,Integral
1217,REPORTINGTYPEREPORT,INSERTDATE,String
1218,REPORTINGTYPEREPORT,ISLIVE,Integral
1219,REPORTINGTYPEREPORT,ODSTIMESTAMP,String
1220,REPORTINGTYPEREPORT,ORDERID,Integral
1221,REPORTINGTYPEREPORT,REPORTINGTYPEREPORTID,String
1222,REPORTINGTYPEREPORT,REPORTINGTYPEREPORT_PKID,String
1223,REPORTINGTYPEREPORT,REPORTINGTYPEVERSIONID,String
1224,REPORTINGTYPEREPORT,REPORTNAME,String
1225,REPORTINGTYPEREPORT,REPORTSUBTITLE,String
1226,REPORTINGTYPEREPORT,SYS_CHANGE_OPERATION,String
1227,REPORTINGTYPEREPORT,UPDATEDATE,String
1228,REPORTINGTYPEREPORTFIELD,DATAMATCHTYPE,Unknown
1229,REPORTINGTYPEREPORTFIELD,EDWEFFECTIVEFROMTS,String
1230,REPORTINGTYPEREPORTFIELD,EDWEFFECTIVETOTS,Unknown
1231,REPORTINGTYPEREPORTFIELD,EDWLOADTS,String
1232,REPORTINGTYPEREPORTFIELD,EDWSEQ_NO,Integral
1233,REPORTINGTYPEREPORTFIELD,EDWSOFT_DEL_IND,Integral
1234,REPORTINGTYPEREPORTFIELD,EDWSTG_ROW_OP,Integral
1235,REPORTINGTYPEREPORTFIELD,FIELDID,String
1236,REPORTINGTYPEREPORTFIELD,FIELDTYPE,String
1237,REPORTINGTYPEREPORTFIELD,FILTERDEFAULTVALUE,String
1238,REPORTINGTYPEREPORTFIELD,FILTERSQL,Unknown
1239,REPORTINGTYPEREPORTFIELD,INSERTDATE,String
1240,REPORTINGTYPEREPORTFIELD,ISFILTER,Integral
1241,REPORTINGTYPEREPORTFIELD,ISJOBHISTORY,Integral
1242,REPORTINGTYPEREPORTFIELD,ISLIVE,Integral
1243,REPORTINGTYPEREPORTFIELD,ISVISIBLE,Integral
1244,REPORTINGTYPEREPORTFIELD,MAINTENANCETYPEID,String
1245,REPORTINGTYPEREPORTFIELD,ODSTIMESTAMP,String
1246,REPORTINGTYPEREPORTFIELD,ORDERID,Integral
1247,REPORTINGTYPEREPORTFIELD,OVERRIDEFIELDNAME,String
1248,REPORTINGTYPEREPORTFIELD,REPORTINGATTRIBUTEID,Unknown
1249,REPORTINGTYPEREPORTFIELD,REPORTINGTYPEREPORTFIELDID,String
1250,REPORTINGTYPEREPORTFIELD,REPORTINGTYPEREPORTID,String
1251,REPORTINGTYPEREPORTFIELD,REPORTINGTYPEVERSIONID,String
1252,REPORTINGTYPEREPORTFIELD,REPRTTYPREPRTFLD_PKID,String
1253,REPORTINGTYPEREPORTFIELD,SYS_CHANGE_OPERATION,String
1254,REPORTINGTYPEREPORTFIELD,UPDATEDATE,String
1255,RIPOUTJOB,EDWEFFECTIVEFROMTS,String
1256,RIPOUTJOB,EDWEFFECTIVETOTS,Unknown
1257,RIPOUTJOB,EDWLOADTS,String
1258,RIPOUTJOB,EDWSEQ_NO,Integral
1259,RIPOUTJOB,EDWSOFT_DEL_IND,Integral
1260,RIPOUTJOB,EDWSTG_ROW_OP,Integral
1261,RIPOUTJOB,INSERTDATE,Unknown
1262,RIPOUTJOB,JOBID,String
1263,RIPOUTJOB,ODSTIMESTAMP,String
1264,RIPOUTJOB,RIPOUTID,String
1265,RIPOUTJOB,RIPOUTJOB_PKID,String
1266,RIPOUTJOB,SHIPID,String
1267,RIPOUTJOB,SYS_CHANGE_OPERATION,String
1268,RIPOUTJOB,UPDATEDATE,Unknown
1269,RNS2012,DELETIONDATE,String
1270,RNS2012,DRAWPARTAFTER,Integral
1271,RNS2012,DRAWPARTBEFORE,Integral
1272,RNS2012,EDWEFFECTIVEFROMTS,String
1273,RNS2012,EDWEFFECTIVETOTS,Unknown
1274,RNS2012,EDWLOADTS,String
1275,RNS2012,EDWSEQ_NO,Integral
1276,RNS2012,EDWSOFT_DEL_IND,Integral
1277,RNS2012,EDWSTG_ROW_OP,Integral
1278,RNS2012,ELISTPCAFTER,Integral
1279,RNS2012,ELISTPCBEFORE,Integral
1280,RNS2012,ERGCODECONFIGAFTER,String
1281,RNS2012,ERGCODECONFIGBEFORE,String
1282,RNS2012,ERGCODEERGAFTER,String
1283,RNS2012,ERGCODEERGBEFORE,String
1284,RNS2012,ERGCODEISSUEAFTER,String
1285,RNS2012,ERGCODEISSUEBEFORE,String
1286,RNS2012,FAC_AFTER,Unknown
1287,RNS2012,FAC_BEFORE,Unknown
1288,RNS2012,INSERTDATE,String
1289,RNS2012,NBCDCOMPARTMENTAFTER,String
1290,RNS2012,NBCDCOMPARTMENTBEFORE,String
1291,RNS2012,NBCDLOCATIONAFTER,String
1292,RNS2012,NBCDLOCATIONBEFORE,String
1293,RNS2012,NSNBOXAFTER,Integral
1294,RNS2012,NSNBOXBEFORE,Integral
1295,RNS2012,ODSTIMESTAMP,String
1296,RNS2012,RNS2012ID,String
1297,RNS2012,RNS2012_PKID,String
1298,RNS2012,S2012CO,String
1299,RNS2012,S2012CORANK,String
1300,RNS2012,S2012DATE,String
1301,RNS2012,S2012DEPT,String
1302,RNS2012,S2012EQUIPMENT,Integral
1303,RNS2012,S2012ITEMADDED,Unknown
1304,RNS2012,S2012ITEMADDEDACCREF,String
1305,RNS2012,S2012ITEMREMOVED,Unknown
1306,RNS2012,S2012ITEMREMOVEDACCREF,String
1307,RNS2012,S2012MAINTAINER,String
1308,RNS2012,S2012MAINTENANCEONLY,Integral
1309,RNS2012,S2012MAINTGROUPAFTER,String
1310,RNS2012,S2012MAINTGROUPBEFORE,String
1311,RNS2012,S2012NO,Integral
1312,RNS2012,S2012NSNAFTER,String
1313,RNS2012,S2012NSNBEFORE,String
1314,RNS2012,S2012ORIGINATOR,String
1315,RNS2012,S2012ORIGINATORRANK,String
1316,RNS2012,S2012PARENTAFTER,Unknown
1317,RNS2012,S2012PARENTBEFORE,Unknown
1318,RNS2012,S2012PMSAFTER,String
1319,RNS2012,S2012PMSBEFORE,String
1320,RNS2012,S2012QADDED,String
1321,RNS2012,S2012QREMAININGAFTER,String
1322,RNS2012,S2012QREMAININGBEFORE,String
1323,RNS2012,S2012QREMOVED,String
1324,RNS2012,S2012REASON,String
1325,RNS2012,S2012REVIEWED,Integral
1326,RNS2012,S2012SERIALNUMBER,String
1327,RNS2012,S2012SERIALNUMBERAFTER,String
1328,RNS2012,S2012SERIALNUMBERBEFORE,String
1329,RNS2012,S2012STATUS,String
1330,RNS2012,S2012UIN,String
1331,RNS2012,S2012YEAR,Integral
1332,RNS2012,SERVICENO,Unknown
1333,RNS2012,SHIPID,String
1334,RNS2012,SMDCACTIONED,Integral
1335,RNS2012,SMDCEAS,Unknown
1336,RNS2012,SMDCIG,Unknown
1337,RNS2012,SMDCME,String
1338,RNS2012,SMDCMG,Unknown
1339,RNS2012,SMDCPMS,Unknown
1340,RNS2012,SMDCREMARKS,String
1341,RNS2012,SMDCSTAFF,String
1342,RNS2012,SMDCWE,String
1343,RNS2012,SYS_CHANGE_OPERATION,String
1344,RNS2012,UPDATEDATE,String
1345,S1182,ACCREF,String
1346,S1182,EDWEFFECTIVEFROMTS,String
1347,S1182,EDWEFFECTIVETOTS,Unknown
1348,S1182,EDWLOADTS,String
1349,S1182,EDWSEQ_NO,Integral
1350,S1182,EDWSOFT_DEL_IND,Integral
1351,S1182,EDWSTG_ROW_OP,Integral
1352,S1182,FAC,String
1353,S1182,INSERTDATE,String
1354,S1182,ODSTIMESTAMP,String
1355,S1182,RECORDDELETED,String
1356,S1182,S1182APPLICABLEVESSELS,String
1357,S1182,S1182APPROVERAPPOINTMENT,String
1358,S1182,S1182APPROVERDATE,String
1359,S1182,S1182APPROVERORGANISATION,String
1360,S1182,S1182APPROVERPERSONID,String
1361,S1182,S1182APPROVERRANK,String
1362,S1182,S1182APPROVERTDC,String
1363,S1182,S1182ASSETTEXT,String
1364,S1182,S1182ENDORSEMENTDATE,String
1365,S1182,S1182ENDORSERAPPOINTMENT,String
1366,S1182,S1182ENDORSERORGANISATION,String
1367,S1182,S1182ENDORSERPERSONID,String
1368,S1182,S1182ENDORSERPERSONTEXT,String
1369,S1182,S1182ENDORSERRANK,String
1370,S1182,S1182ENDORSERTELEPHONE,String
1371,S1182,S1182FUNCTIONALGROUP,String
1372,S1182,S1182ID,String
1373,S1182,S1182NOTSUPPORTEDREASON,String
1374,S1182,S1182OTHERREMARKS,String
1375,S1182,S1182PARENTTEXT,String
1376,S1182,S1182PROPOSALCATEGORY,String
1377,S1182,S1182PROPOSALDATE,String
1378,S1182,S1182PROPOSALTEXT,String
1379,S1182,S1182PROPOSERPERSONID,String
1380,S1182,S1182PROPOSERRANK,String
1381,S1182,S1182PROPOSERREFERENCE,String
1382,S1182,S1182REJECTEDREASON,String
1383,S1182,S1182STATUSDATE,String
1384,S1182,S1182STATUSID,String
1385,S1182,S1182_PKID,String
1386,S1182,SHIPID,String
1387,S1182,SYS_CHANGE_OPERATION,String
1388,S1182,UPDATEDATE,String
1389,S2012,ACCREF,String
1390,S2012,ASSETFUNCDESCAFTER,String
1391,S2012,ASSETFUNCDESCBEFORE,String
1392,S2012,ASSETTECHNICALQUERYID,String
1393,S2012,ASSETTEXTAFTER,String
1394,S2012,ASSETTEXTBEFORE,String
1395,S2012,COMAPPROVED,String
1396,S2012,COMAPPROVERID,Integral
1397,S2012,COMAPPROVERRANK,Unknown
1398,S2012,COMREJECTED,String
1399,S2012,CONFIGRESYNCHED,Integral
1400,S2012,CONFIGREVERTED,Integral
1401,S2012,CONFIGUPDATED,Integral
1402,S2012,DATECOMAPPROVED,Unknown
1403,S2012,DATEHODAPPROVED,String
1404,S2012,DATERAISED,String
1405,S2012,EDWEFFECTIVEFROMTS,String
1406,S2012,EDWEFFECTIVETOTS,String
1407,S2012,EDWLOADTS,String
1408,S2012,EDWSEQ_NO,String
1409,S2012,EDWSOFT_DEL_IND,Integral
1410,S2012,EDWSTG_ROW_OP,String
1411,S2012,FAC,String
1412,S2012,FITPLANNEDACTIONAFTER,String
1413,S2012,FITPLANNEDACTIONBEFORE,String
1414,S2012,FITSTATUSAFTER,String
1415,S2012,FITSTATUSBEFORE,String
1416,S2012,FP_BIRTHCERTATTCHMENTIDAFTER,Unknown
1417,S2012,FP_BIRTHCERTATTCHMENTIDBEFRE,Unknown
1418,S2012,FP_COMPARTMENTIDAFTER,String
1419,S2012,FP_COMPARTMENTIDBEFORE,String
1420,S2012,FP_COMPARTMENTSHIPAREAAFTER,String
1421,S2012,FP_COMPARTMENTSHIPAREABEFORE,String
1422,S2012,FP_INSTALLATIONDATEAFTER,String
1423,S2012,FP_INSTALLATIONDATEBEFORE,String
1424,S2012,FP_LOCATIONDESCRIPTIONAFTER,String
1425,S2012,FP_LOCATIONDESCRIPTIONBEFORE,String
1426,S2012,FP_LOCATIONIDAFTER,String
1427,S2012,FP_LOCATIONIDBEFORE,String
1428,S2012,FP_MANDRAWINGNO_AFTER,String
1429,S2012,FP_MANDRAWINGNO_BEFORE,Integral
1430,S2012,FP_MANPARTNO_AFTER,String
1431,S2012,FP_MANPARTNO_BEFORE,String
1432,S2012,FP_MANUFACTURERID_AFTER,String
1433,S2012,FP_MANUFACTURERID_BEFORE,String
1434,S2012,FP_MANUFACTURERNAME_AFTER,String
1435,S2012,FP_MANUFACTURERNAME_BEFORE,String
1436,S2012,FP_MODSTATEAFTER,String
1437,S2012,FP_MODSTATEBEFORE,String
1438,S2012,FP_NSNAFTER,String
1439,S2012,FP_NSNBEFORE,String
1440,S2012,FP_PARTDESCAFTER,String
1441,S2012,FP_PARTDESCBEFORE,String
1442,S2012,FP_PARTNOAFTER,String
1443,S2012,FP_PARTNOBEFORE,String
1444,S2012,FP_QTYADDED,Integral
1445,S2012,FP_QTYREMAININGAFTER,String
1446,S2012,FP_QTYREMAININGBEFORE,String
1447,S2012,FP_QTYREMOVED,Integral
1448,S2012,FP_SERIALNOAFTER,String
1449,S2012,FP_SERIALNOBEFORE,String
1450,S2012,FP_TESTCERTIATTCHMENTIDAFTER,Unknown
1451,S2012,FP_TESTCERTIATTCHMENTIDBEFORE,Unknown
1452,S2012,HODAPPROVED,String
1453,S2012,HODAPPROVERID,String
1454,S2012,HODAPPROVERRANK,String
1455,S2012,HODREJECTED,Integral
1456,S2012,INSERTDATE,String
1457,S2012,ISAUTOS2012,Integral
1458,S2012,ISRCMINDICATORCHANGE,Integral
1459,S2012,JOBID,Integral
1460,S2012,MANUFACTURERID,String
1461,S2012,MRDCREVIEWDATE,String
1462,S2012,MRDCREVIEWED,Integral
1463,S2012,MRDCREVIEWER,Unknown
1464,S2012,ODSTIMESTAMP,String
1465,S2012,ORIGINATORID,String
1466,S2012,ORIGINATORRANK,String
1467,S2012,PDMREVIEWCOMMENTS,String
1468,S2012,PDMREVIEWDATE,String
1469,S2012,PDMREVIEWED,Integral
1470,S2012,PDMREVIEWERID,String
1471,S2012,RAISEDAFLOAT,Integral
1472,S2012,RAISEDFROMDEFECTID,Integral
1473,S2012,REASONFORCHANGE,String
1474,S2012,RELATEDS2012ID,String
1475,S2012,REMARKS,String
1476,S2012,S2012ID,String
1477,S2012,S2012STATUS,String
1478,S2012,S2012TYPE,String
1479,S2012,S2012_PKID,String
1480,S2012,SERIAL_DEPARTMENT,String
1481,S2012,SERIAL_NUMBER,Integral
1482,S2012,SERIAL_UIN,String
1483,S2012,SERIAL_YEAR,Integral
1484,S2012,SHIPID,String
1485,S2012,SYS_CHANGE_OPERATION,String
1486,S2012,UPDATEDATE,String
1487,S2012ASSETREFERENCE,ACCREF,String
1488,S2012ASSETREFERENCE,ASSETREFERENCESYSTEMTEXT,String
1489,S2012ASSETREFERENCE,EDWEFFECTIVEFROMTS,String
1490,S2012ASSETREFERENCE,EDWEFFECTIVETOTS,Unknown
1491,S2012ASSETREFERENCE,EDWLOADTS,String
1492,S2012ASSETREFERENCE,EDWSEQ_NO,Integral
1493,S2012ASSETREFERENCE,EDWSOFT_DEL_IND,Integral
1494,S2012ASSETREFERENCE,EDWSTG_ROW_OP,Integral
1495,S2012ASSETREFERENCE,INSERTDATE,String
1496,S2012ASSETREFERENCE,ODSTIMESTAMP,String
1497,S2012ASSETREFERENCE,REFERENCEAFTER,String
1498,S2012ASSETREFERENCE,REFERENCEBEFORE,String
1499,S2012ASSETREFERENCE,S2012ASSETREFERENCE_PKID,String
1500,S2012ASSETREFERENCE,S2012ID,String
1501,S2012ASSETREFERENCE,SHIPID,String
1502,S2012ASSETREFERENCE,SYS_CHANGE_OPERATION,String
1503,S2012ASSETREFERENCE,UPDATEDATE,String
1504,S2012STATUSHISTORY,CHANGEDBYPERSONID,String
1505,S2012STATUSHISTORY,COMMENTS,String
1506,S2012STATUSHISTORY,EDWEFFECTIVEFROMTS,String
1507,S2012STATUSHISTORY,EDWEFFECTIVETOTS,Unknown
1508,S2012STATUSHISTORY,EDWLOADTS,String
1509,S2012STATUSHISTORY,EDWSEQ_NO,Integral
1510,S2012STATUSHISTORY,EDWSOFT_DEL_IND,Integral
1511,S2012STATUSHISTORY,EDWSTG_ROW_OP,Integral
1512,S2012STATUSHISTORY,FROMSTATUSID,String
1513,S2012STATUSHISTORY,INSERTDATE,String
1514,S2012STATUSHISTORY,ODSTIMESTAMP,String
1515,S2012STATUSHISTORY,S2012ID,String
1516,S2012STATUSHISTORY,S2012STATUSHISTORYID,String
1517,S2012STATUSHISTORY,S2012STATUSHISTORY_PKID,String
1518,S2012STATUSHISTORY,SHIPID,String
1519,S2012STATUSHISTORY,STATUSCHANGEDATE,String
1520,S2012STATUSHISTORY,SYS_CHANGE_OPERATION,String
1521,S2012STATUSHISTORY,TOSTATUSID,String
1522,S2012STATUSHISTORY,UPDATEDATE,String
1523,S2022,ANNEXBREECHFULLY,String
1524,S2022,ANNEXBREECHOPEN,String
1525,S2022,ANNEXBREECHPARTIALLY,String
1526,S2022,ANNEXDATELASTINSPECTION,String
1527,S2022,ANNEXGUNFULLYRUNOUTNA,String
1528,S2022,ANNEXGUNFULLYRUNOUTNO,String
1529,S2022,ANNEXGUNFULLYRUNOUTYES,String
1530,S2022,ANNEXLASTCOFRMEASUREMENT,String
1531,S2022,ANNEXLENGTHOFBURSTS,String
1532,S2022,ANNEXMISFIRENA,String
1533,S2022,ANNEXMISFIRENO,Integral
1534,S2022,ANNEXMISFIREYES,String
1535,S2022,ANNEXPOSITIONRECIPROCATING,String
1536,S2022,ANNEXROUNDINCHAMBERNO,String
1537,S2022,ANNEXROUNDINCHAMBERPARTLY,Fractional
1538,S2022,ANNEXROUNDINCHAMBERYES,Fractional
1539,S2022,ANNEXROUNDSAFTER,Fractional
1540,S2022,ANNEXROUNDSBEFORE,Fractional
1541,S2022,ANNEXROUNDSLIFE,Fractional
1542,S2022,ANNEXROUNDSSINCE,Integral
1543,S2022,ANNEXSTATEOFBORENEW,Integral
1544,S2022,ANNEXSTATEOFBOREWORN,String
1545,S2022,ANNEXTIMEBETWEENBURSTS,String
1546,S2022,ANYTESTPACKAGING,String
1547,S2022,ASSOCIATEDDOCS,String
1548,S2022,CALENDARTIME,String
1549,S2022,CALENDARTIMEUNITS,String
1550,S2022,COAPPOINTMENT,String
1551,S2022,CONAME,String
1552,S2022,CONFIGURATION,String
1553,S2022,CORANK,String
1554,S2022,DEFECTREPLYSTATUS,String
1555,S2022,DELETIONDATE,String
1556,S2022,DETAILSCIRCUMSTANCES,String
1557,S2022,DETAILSOFSWMOD,String
1558,S2022,DETAILSRELEVANTREPORT,String
1559,S2022,DETAILSREMEDIALACTION,String
1560,S2022,EDWEFFECTIVEFROMTS,String
1561,S2022,EDWEFFECTIVETOTS,String
1562,S2022,EDWLOADTS,String
1563,S2022,EDWSEQ_NO,String
1564,S2022,EDWSOFT_DEL_IND,Integral
1565,S2022,EDWSTG_ROW_OP,Integral
1566,S2022,EMAILSENT,Integral
1567,S2022,EQUIPMENTSTRUCTURE,String
1568,S2022,ERGCODE,String
1569,S2022,GENERALSERVICE,String
1570,S2022,GENRECOMMENDATIONS,String
1571,S2022,HIGHPRIORITYDTG,String
1572,S2022,HOURSSINCEFAILURE,Fractional
1573,S2022,INSERTDATE,String
1574,S2022,ITEMCOMPONENT,String
1575,S2022,ITEMCOMPONENTASSET,String
1576,S2022,ITEMCOMPONENTSERIALNO,String
1577,S2022,KNOWNHARDWAREMODS,String
1578,S2022,LOCATION,String
1579,S2022,NSN,String
1580,S2022,ODSTIMESTAMP,String
1581,S2022,OPDEF1,String
1582,S2022,OPDEF2,String
1583,S2022,OPDEF3,String
1584,S2022,ORIGINATIONDEPT,String
1585,S2022,ORIGINATORNAME,String
1586,S2022,ORIGINATORRANK,String
1587,S2022,OTHEREQUIPMENTAFFECTED,String
1588,S2022,OTHERRELEVANTINFO,String
1589,S2022,OUTSTANDINGMOD,String
1590,S2022,PROBABLECAUSE,String
1591,S2022,PROBLEMREPORT,String
1592,S2022,QCBATCHNO,String
1593,S2022,REASONRESPONSECODE,String
1594,S2022,REASONSOFTWAREMODREQ,String
1595,S2022,RECORDDELETED,Integral
1596,S2022,RECURRENTPROBLEM,Integral
1597,S2022,REFRELEVANTDOC,String
1598,S2022,REPORTCATEGORY,String
1599,S2022,RFA,String
1600,S2022,RISKCATEGORY,String
1601,S2022,RISKFREQUENCY,String
1602,S2022,RISKSEVERITY,String
1603,S2022,S2022CANCELLED,String
1604,S2022,S2022DATE,String
1605,S2022,S2022ID,String
1606,S2022,S2022PRIORITY,String
1607,S2022,S2022STATUSID,String
1608,S2022,S2022TYPE,String
1609,S2022,S2022_PKID,String
1610,S2022,SAFETYIMPLICATION,String
1611,S2022,SDORCONTRACTNO,String
1612,S2022,SDORDAMAGEDETAILS,String
1613,S2022,SDORDAMAGEPACKAGING,Integral
1614,S2022,SDORDEMANDDATE,String
1615,S2022,SDORDEMANDSERIAL,String
1616,S2022,SDORDEMANDUIN,String
1617,S2022,SDORITEMDATE,String
1618,S2022,SDORITEMMANUFACTURER,String
1619,S2022,SDORITEMSERIAL,String
1620,S2022,SDORRECEIVEDDATE,String
1621,S2022,SDORRECEIVEDSERIAL,String
1622,S2022,SDORRECEIVEDUIN,String
1623,S2022,SDORRETURNDEPOT,String
1624,S2022,SDORRETURNSERIAL,String
1625,S2022,SDORTYPEOFPACKAGING,String
1626,S2022,SHIPID,String
1627,S2022,SHIPNAME,String
1628,S2022,SUBMARINE,String
1629,S2022,SYSTEMNAME,String
1630,S2022,SYS_CHANGE_OPERATION,String
1631,S2022,TITLE,String
1632,S2022,TITLEOFSOFTWARE,String
1633,S2022,TITLEOFSOFTWAREMOD,String
1634,S2022,UPDATEDATE,String
1635,SHIP,EDWEFFECTIVEFROMTS,String
1636,SHIP,EDWEFFECTIVETOTS,Unknown
1637,SHIP,EDWLOADTS,String
1638,SHIP,EDWSEQ_NO,Integral
1639,SHIP,EDWSOFT_DEL_IND,Integral
1640,SHIP,EDWSTG_ROW_OP,Integral
1641,SHIP,INSERTDATE,Unknown
1642,SHIP,ODSTIMESTAMP,String
1643,SHIP,PENNANT,String
1644,SHIP,SHIPID,String
1645,SHIP,SHIPNAME,String
1646,SHIP,SHIP_PKID,String
1647,SHIP,SYS_CHANGE_OPERATION,String
1648,SHIP,UIN,String
1649,SHIP,UPDATEDATE,Unknown
1650,TASK,APPROVERGROUPID,String
1651,TASK,DATELASTUPDATED,String
1652,TASK,DELETED,String
1653,TASK,DMC,String
1654,TASK,EDWEFFECTIVEFROMTS,String
1655,TASK,EDWEFFECTIVETOTS,String
1656,TASK,EDWLOADTS,String
1657,TASK,EDWSEQ_NO,String
1658,TASK,EDWSOFT_DEL_IND,Integral
1659,TASK,EDWSTG_ROW_OP,String
1660,TASK,INSERTDATE,String
1661,TASK,ISLIVE,String
1662,TASK,ISMAXVERSION,String
1663,TASK,LASTEDITEDBYPOSTID,String
1664,TASK,LIVEDATE,String
1665,TASK,MERGEDDATE,Integral
1666,TASK,MERGEDTOID,Integral
1667,TASK,MERGEREQUESTEDBYPERSONID,Integral
1668,TASK,NAVALSTORES,String
1669,TASK,NUCLEARLOGICDIAGRAMNO,String
1670,TASK,NUCLEARPROCREF,String
1671,TASK,ODSTIMESTAMP,String
1672,TASK,RELATEDMAINTENANCE,String
1673,TASK,REQUESTEDMERGETOID,Unknown
1674,TASK,RFA48NO,Unknown
1675,TASK,RFAWORKLISTNO,String
1676,TASK,SECURITYTEXT,String
1677,TASK,SFMTRADEID,String
1678,TASK,SPONSORNAME,String
1679,TASK,SYS_CHANGE_OPERATION,String
1680,TASK,TASKCATID,Integral
1681,TASK,TASKCOMMENTS,String
1682,TASK,TASKID,String
1683,TASK,TASKMAJORVERSION,Integral
1684,TASK,TASKMINORVERSION,Integral
1685,TASK,TASKRCMTITLE,String
1686,TASK,TASKSPLITFROMID,String
1687,TASK,TASKSTATUSID,String
1688,TASK,TASKTITLE,String
1689,TASK,TASKVERSIONID,String
1690,TASK,TASK_PKID,String
1691,TASK,UPDATEDATE,String
1692,TASKDOCUMENT,EDWEFFECTIVEFROMTS,String
1693,TASKDOCUMENT,EDWEFFECTIVETOTS,Unknown
1694,TASKDOCUMENT,EDWLOADTS,String
1695,TASKDOCUMENT,EDWSEQ_NO,Integral
1696,TASKDOCUMENT,EDWSOFT_DEL_IND,Integral
1697,TASKDOCUMENT,EDWSTG_ROW_OP,Integral
1698,TASKDOCUMENT,INSERTDATE,Unknown
1699,TASKDOCUMENT,ODSTIMESTAMP,String
1700,TASKDOCUMENT,SYS_CHANGE_OPERATION,String
1701,TASKDOCUMENT,TASKDOCUMENTID,String
1702,TASKDOCUMENT,TASKDOCUMENTTITLE,String
1703,TASKDOCUMENT,TASKDOCUMENT_PKID,String
1704,TASKDOCUMENT,TASKVERSIONID,String
1705,TASKDOCUMENT,UPDATEDATE,String
1706,TASKHANDBOOK,EDWEFFECTIVEFROMTS,String
1707,TASKHANDBOOK,EDWEFFECTIVETOTS,Unknown
1708,TASKHANDBOOK,EDWLOADTS,String
1709,TASKHANDBOOK,EDWSEQ_NO,Integral
1710,TASKHANDBOOK,EDWSOFT_DEL_IND,Integral
1711,TASKHANDBOOK,EDWSTG_ROW_OP,Integral
1712,TASKHANDBOOK,HANDBOOKISSUE,String
1713,TASKHANDBOOK,HANDBOOKNUMBER,String
1714,TASKHANDBOOK,INSERTDATE,Integral
1715,TASKHANDBOOK,ODSTIMESTAMP,String
1716,TASKHANDBOOK,SYS_CHANGE_OPERATION,String
1717,TASKHANDBOOK,TASKHANDBOOKID,String
1718,TASKHANDBOOK,TASKHANDBOOK_PKID,String
1719,TASKHANDBOOK,TASKVERSIONID,String
1720,TASKHANDBOOK,UPDATEDATE,String
1721,TASKPARAMETER,EDWEFFECTIVEFROMTS,String
1722,TASKPARAMETER,EDWEFFECTIVETOTS,Unknown
1723,TASKPARAMETER,EDWLOADTS,String
1724,TASKPARAMETER,EDWSEQ_NO,Integral
1725,TASKPARAMETER,EDWSOFT_DEL_IND,Integral
1726,TASKPARAMETER,EDWSTG_ROW_OP,Integral
1727,TASKPARAMETER,INSERTDATE,Unknown
1728,TASKPARAMETER,ODSTIMESTAMP,String
1729,TASKPARAMETER,PARAMETERID,String
1730,TASKPARAMETER,SYS_CHANGE_OPERATION,String
1731,TASKPARAMETER,TASKPARAMETERID,String
1732,TASKPARAMETER,TASKPARAMETER_PKID,String
1733,TASKPARAMETER,TASKVERSIONID,String
1734,TASKPARAMETER,UPDATEDATE,String
1735,TASKPART,DEMANDISPREDICTABLE,String
1736,TASKPART,EDWEFFECTIVEFROMTS,String
1737,TASKPART,EDWEFFECTIVETOTS,Unknown
1738,TASKPART,EDWLOADTS,String
1739,TASKPART,EDWSEQ_NO,Integral
1740,TASKPART,EDWSOFT_DEL_IND,Integral
1741,TASKPART,EDWSTG_ROW_OP,Integral
1742,TASKPART,INSERTDATE,String
1743,TASKPART,MINORDERQUANTITY,Fractional
1744,TASKPART,ODSTIMESTAMP,String
1745,TASKPART,PARTNO,String
1746,TASKPART,QUANTITYID,String
1747,TASKPART,QUANTITYREQUIRED,Integral
1748,TASKPART,RECOMMENDEDSTOCKQUANTITY,Fractional
1749,TASKPART,STOCKINGPOLICY,String
1750,TASKPART,STOCKLEVELMEETSSLA,String
1751,TASKPART,STOCKLOCATION,String
1752,TASKPART,STOCKOUTCOST,Integral
1753,TASKPART,STOCKOUTEFFECT,String
1754,TASKPART,STOCKOUTENVIRONMENTALRISK,Unknown
1755,TASKPART,STOCKOUTFAILURERISK,String
1756,TASKPART,STOCKOUTOPERATIONALRISK,String
1757,TASKPART,STOCKOUTSAFETYRISK,String
1758,TASKPART,SYS_CHANGE_OPERATION,String
1759,TASKPART,TASKPARTTYPEID,String
1760,TASKPART,TASKPART_PKID,String
1761,TASKPART,TASKVERSIONID,String
1762,TASKPART,UPDATEDATE,String
1763,TASKREACTORSTATE,EDWEFFECTIVEFROMTS,String
1764,TASKREACTORSTATE,EDWEFFECTIVETOTS,Unknown
1765,TASKREACTORSTATE,EDWLOADTS,String
1766,TASKREACTORSTATE,EDWSEQ_NO,Integral
1767,TASKREACTORSTATE,EDWSOFT_DEL_IND,Integral
1768,TASKREACTORSTATE,EDWSTG_ROW_OP,Integral
1769,TASKREACTORSTATE,INSERTDATE,Unknown
1770,TASKREACTORSTATE,ODSTIMESTAMP,String
1771,TASKREACTORSTATE,REACTORSTATEID,String
1772,TASKREACTORSTATE,SYS_CHANGE_OPERATION,String
1773,TASKREACTORSTATE,TASKREACTORSTATE_PKID,String
1774,TASKREACTORSTATE,TASKVERSIONID,String
1775,TASKREACTORSTATE,UPDATEDATE,String
1776,TASKSKILL,EDWEFFECTIVEFROMTS,String
1777,TASKSKILL,EDWEFFECTIVETOTS,Unknown
1778,TASKSKILL,EDWLOADTS,String
1779,TASKSKILL,EDWSEQ_NO,Integral
1780,TASKSKILL,EDWSOFT_DEL_IND,Integral
1781,TASKSKILL,EDWSTG_ROW_OP,Integral
1782,TASKSKILL,INSERTDATE,String
1783,TASKSKILL,ODSTIMESTAMP,String
1784,TASKSKILL,SKILLCOUNT,Fractional
1785,TASKSKILL,SKILLID,String
1786,TASKSKILL,SKILLTIME,Fractional
1787,TASKSKILL,SKILLTIMEUNIT,String
1788,TASKSKILL,SYS_CHANGE_OPERATION,String
1789,TASKSKILL,TASKSKILL_PKID,String
1790,TASKSKILL,TASKVERSIONID,String
1791,TASKSKILL,UPDATEDATE,String
1792,TASKSTEP,EDWEFFECTIVEFROMTS,String
1793,TASKSTEP,EDWEFFECTIVETOTS,String
1794,TASKSTEP,EDWLOADTS,String
1795,TASKSTEP,EDWSEQ_NO,Fractional
1796,TASKSTEP,EDWSOFT_DEL_IND,String
1797,TASKSTEP,EDWSTG_ROW_OP,Fractional
1798,TASKSTEP,INSERTDATE,String
1799,TASKSTEP,LIBRARYDOCUMENTID,String
1800,TASKSTEP,ODSTIMESTAMP,String
1801,TASKSTEP,SYS_CHANGE_OPERATION,String
1802,TASKSTEP,TASKSTEPID,String
1803,TASKSTEP,TASKSTEPORDER,String
1804,TASKSTEP,TASKSTEPSOURCE,String
1805,TASKSTEP,TASKSTEPTEXT,String
1806,TASKSTEP,TASKSTEPTYPECODE,String
1807,TASKSTEP,TASKSTEP_PKID,String
1808,TASKSTEP,TASKVERSIONID,String
1809,TASKSTEP,UPDATEDATE,String
1810,UNIT,EDWEFFECTIVEFROMTS,String
1811,UNIT,EDWEFFECTIVETOTS,Unknown
1812,UNIT,EDWLOADTS,String
1813,UNIT,EDWSEQ_NO,Integral
1814,UNIT,EDWSOFT_DEL_IND,Integral
1815,UNIT,EDWSTG_ROW_OP,Integral
1816,UNIT,INSERTDATE,String
1817,UNIT,ODSTIMESTAMP,String
1818,UNIT,SYS_CHANGE_OPERATION,String
1819,UNIT,UNITID,String
1820,UNIT,UNITTEXT,String
1821,UNIT,UNIT_PKID,String
1822,UNIT,UPDATEDATE,String
1823,WORKPACKAGE,ALLOWWORKSPECEXPORT,Integral
1824,WORKPACKAGE,AMENDMENTNO,Integral
1825,WORKPACKAGE,CEOSIGNOFF,Integral
1826,WORKPACKAGE,DAREVENTID,String
1827,WORKPACKAGE,DEFAULTREQFORMID,String
1828,WORKPACKAGE,DOCKINDICATOR,Integral
1829,WORKPACKAGE,EDWEFFECTIVEFROMTS,String
1830,WORKPACKAGE,EDWEFFECTIVETOTS,Unknown
1831,WORKPACKAGE,EDWLOADTS,String
1832,WORKPACKAGE,EDWSEQ_NO,Integral
1833,WORKPACKAGE,EDWSOFT_DEL_IND,Integral
1834,WORKPACKAGE,EDWSTG_ROW_OP,Integral
1835,WORKPACKAGE,ENDDATE,String
1836,WORKPACKAGE,FREEZEDATE,String
1837,WORKPACKAGE,HASCONTROL,Integral
1838,WORKPACKAGE,INSERTDATE,String
1839,WORKPACKAGE,LEADJOBID,String
1840,WORKPACKAGE,LETTERSOFAUTHORITY,Unknown
1841,WORKPACKAGE,LOCKDATE,Unknown
1842,WORKPACKAGE,MAXSPECNO,Integral
1843,WORKPACKAGE,NOTES,String
1844,WORKPACKAGE,ODSTIMESTAMP,String
1845,WORKPACKAGE,OPENCONTRACT,Integral
1846,WORKPACKAGE,OWNER,String
1847,WORKPACKAGE,PACKAGETYPEID,String
1848,WORKPACKAGE,SHIPID,String
1849,WORKPACKAGE,SPECISSUE,Integral
1850,WORKPACKAGE,SPVERSION,Unknown
1851,WORKPACKAGE,STARTDATE,String
1852,WORKPACKAGE,STOREDFROMSHIP,Integral
1853,WORKPACKAGE,SYS_CHANGE_OPERATION,String
1854,WORKPACKAGE,TRANSFERDATE,String
1855,WORKPACKAGE,TRANSFERREQUEST,Integral
1856,WORKPACKAGE,UNDATEDPACKAGE,Integral
1857,WORKPACKAGE,UPDATEDATE,String
1858,WORKPACKAGE,VENUEID,String
1859,WORKPACKAGE,WORKPACKAGEID,String
1860,WORKPACKAGE,WORKPACKAGE_PKID,String
1861,WORKPACKAGE,WPTITLE,String
1862,WORKPACKAGEAPPROVER,EDWEFFECTIVEFROMTS,String
1863,WORKPACKAGEAPPROVER,EDWEFFECTIVETOTS,Unknown
1864,WORKPACKAGEAPPROVER,EDWLOADTS,String
1865,WORKPACKAGEAPPROVER,EDWSEQ_NO,Integral
1866,WORKPACKAGEAPPROVER,EDWSOFT_DEL_IND,Integral
1867,WORKPACKAGEAPPROVER,EDWSTG_ROW_OP,Integral
1868,WORKPACKAGEAPPROVER,INSERTDATE,String
1869,WORKPACKAGEAPPROVER,ODSTIMESTAMP,String
1870,WORKPACKAGEAPPROVER,POSTID,String
1871,WORKPACKAGEAPPROVER,SHIPID,String
1872,WORKPACKAGEAPPROVER,SYS_CHANGE_OPERATION,String
1873,WORKPACKAGEAPPROVER,UPDATEDATE,String
1874,WORKPACKAGEAPPROVER,WORKPACKAGEAPPROVER_PKID,String
1875,WORKPACKAGEAPPROVER,WORKPACKAGEID,String
1876,WORKPACKAGECOMMENT,COMMENTID,String
1877,WORKPACKAGECOMMENT,COMMENTTEXT,String
1878,WORKPACKAGECOMMENT,DATECREATED,String
1879,WORKPACKAGECOMMENT,DECISION,Unknown
1880,WORKPACKAGECOMMENT,EDWEFFECTIVEFROMTS,String
1881,WORKPACKAGECOMMENT,EDWEFFECTIVETOTS,Unknown
1882,WORKPACKAGECOMMENT,EDWLOADTS,String
1883,WORKPACKAGECOMMENT,EDWSEQ_NO,Integral
1884,WORKPACKAGECOMMENT,EDWSOFT_DEL_IND,Integral
1885,WORKPACKAGECOMMENT,EDWSTG_ROW_OP,Integral
1886,WORKPACKAGECOMMENT,INSERTDATE,String
1887,WORKPACKAGECOMMENT,JOBID,String
1888,WORKPACKAGECOMMENT,ODSTIMESTAMP,String
1889,WORKPACKAGECOMMENT,POSTID,String
1890,WORKPACKAGECOMMENT,SHIPID,String
1891,WORKPACKAGECOMMENT,SYS_CHANGE_OPERATION,String
1892,WORKPACKAGECOMMENT,UPDATEDATE,String
1893,WORKPACKAGECOMMENT,WORKPACKAGECOMMENT_PKID,String
1894,WORKPACKAGECOMMENT,WORKPACKAGEID,String
1895,WORKPACKAGEEXCLUSION,EDWEFFECTIVEFROMTS,String
1896,WORKPACKAGEEXCLUSION,EDWEFFECTIVETOTS,Unknown
1897,WORKPACKAGEEXCLUSION,EDWLOADTS,String
1898,WORKPACKAGEEXCLUSION,EDWSEQ_NO,Integral
1899,WORKPACKAGEEXCLUSION,EDWSOFT_DEL_IND,Integral
1900,WORKPACKAGEEXCLUSION,EDWSTG_ROW_OP,Integral
1901,WORKPACKAGEEXCLUSION,EVENTTYPE,Integral
1902,WORKPACKAGEEXCLUSION,EXCLUSIONCAT,String
1903,WORKPACKAGEEXCLUSION,EXCLUSIONDATE,String
1904,WORKPACKAGEEXCLUSION,INSERTDATE,String
1905,WORKPACKAGEEXCLUSION,JOBID,String
1906,WORKPACKAGEEXCLUSION,JUSTIFICATION,String
1907,WORKPACKAGEEXCLUSION,ODSTIMESTAMP,String
1908,WORKPACKAGEEXCLUSION,PERSONID,String
1909,WORKPACKAGEEXCLUSION,PERSONNAME,String
1910,WORKPACKAGEEXCLUSION,POSTID,String
1911,WORKPACKAGEEXCLUSION,POSTTEXT,String
1912,WORKPACKAGEEXCLUSION,RISKFACTOR,String
1913,WORKPACKAGEEXCLUSION,SHIPID,String
1914,WORKPACKAGEEXCLUSION,SSCOMMENTS,String
1915,WORKPACKAGEEXCLUSION,SYS_CHANGE_OPERATION,String
1916,WORKPACKAGEEXCLUSION,TQNUMBER,Integral
1917,WORKPACKAGEEXCLUSION,UPDATEDATE,String
1918,WORKPACKAGEEXCLUSION,WORKPACKAGEEXCLUSION_PKID,String
1919,WORKPACKAGEEXCLUSIONHISTORY,EDWEFFECTIVEFROMTS,String
1920,WORKPACKAGEEXCLUSIONHISTORY,EDWEFFECTIVETOTS,Unknown
1921,WORKPACKAGEEXCLUSIONHISTORY,EDWLOADTS,String
1922,WORKPACKAGEEXCLUSIONHISTORY,EDWSEQ_NO,Integral
1923,WORKPACKAGEEXCLUSIONHISTORY,EDWSOFT_DEL_IND,Integral
1924,WORKPACKAGEEXCLUSIONHISTORY,EDWSTG_ROW_OP,Integral
1925,WORKPACKAGEEXCLUSIONHISTORY,EVENTTYPE,Integral
1926,WORKPACKAGEEXCLUSIONHISTORY,EXCLUSIONCAT,String
1927,WORKPACKAGEEXCLUSIONHISTORY,EXCLUSIONDATE,String
1928,WORKPACKAGEEXCLUSIONHISTORY,INSERTDATE,Unknown
1929,WORKPACKAGEEXCLUSIONHISTORY,JOBID,String
1930,WORKPACKAGEEXCLUSIONHISTORY,ODSTIMESTAMP,String
1931,WORKPACKAGEEXCLUSIONHISTORY,PERSONID,String
1932,WORKPACKAGEEXCLUSIONHISTORY,PERSONNAME,String
1933,WORKPACKAGEEXCLUSIONHISTORY,POSTID,String
1934,WORKPACKAGEEXCLUSIONHISTORY,POSTTEXT,String
1935,WORKPACKAGEEXCLUSIONHISTORY,RISKFACTOR,String
1936,WORKPACKAGEEXCLUSIONHISTORY,SHIPID,String
1937,WORKPACKAGEEXCLUSIONHISTORY,SHORECOMMENT,String
1938,WORKPACKAGEEXCLUSIONHISTORY,SSCOMMENTS,String
1939,WORKPACKAGEEXCLUSIONHISTORY,SYS_CHANGE_OPERATION,String
1940,WORKPACKAGEEXCLUSIONHISTORY,TQNUMBER,Integral
1941,WORKPACKAGEEXCLUSIONHISTORY,UPDATEDATE,String
1942,WORKPACKAGEEXCLUSIONHISTORY,WORKEXCLUSIONHISTORYID,String
1943,WORKPACKAGEEXCLUSIONHISTORY,WORKPACKAGEID,String
1944,WORKPACKAGEEXCLUSIONHISTORY,WRKPAKGEEXHIST_PKID,String
1945,WORKPACKAGEEXPORTVERSION,EDWEFFECTIVEFROMTS,String
1946,WORKPACKAGEEXPORTVERSION,EDWEFFECTIVETOTS,Unknown
1947,WORKPACKAGEEXPORTVERSION,EDWLOADTS,String
1948,WORKPACKAGEEXPORTVERSION,EDWSEQ_NO,Integral
1949,WORKPACKAGEEXPORTVERSION,EDWSOFT_DEL_IND,Integral
1950,WORKPACKAGEEXPORTVERSION,EDWSTG_ROW_OP,Integral
1951,WORKPACKAGEEXPORTVERSION,EXPORTDATE,String
1952,WORKPACKAGEEXPORTVERSION,EXPORTFILE,String
1953,WORKPACKAGEEXPORTVERSION,INSERTDATE,String
1954,WORKPACKAGEEXPORTVERSION,ODSTIMESTAMP,String
1955,WORKPACKAGEEXPORTVERSION,SHIPID,String
1956,WORKPACKAGEEXPORTVERSION,SYS_CHANGE_OPERATION,String
1957,WORKPACKAGEEXPORTVERSION,UPDATEDATE,String
1958,WORKPACKAGEEXPORTVERSION,VERSION,Integral
1959,WORKPACKAGEEXPORTVERSION,WORKPACKAGEID,String
1960,WORKPACKAGEEXPORTVERSION,WPTITLE,String
1961,WORKPACKAGEEXPORTVERSION,WRKPCKAGEEXPVER_PKID,String
1962,WORKPACKAGEEXPORTVERSIONJOB,EDWEFFECTIVEFROMTS,String
1963,WORKPACKAGEEXPORTVERSIONJOB,EDWEFFECTIVETOTS,String
1964,WORKPACKAGEEXPORTVERSIONJOB,EDWLOADTS,String
1965,WORKPACKAGEEXPORTVERSIONJOB,EDWSEQ_NO,Integral
1966,WORKPACKAGEEXPORTVERSIONJOB,EDWSOFT_DEL_IND,String
1967,WORKPACKAGEEXPORTVERSIONJOB,EDWSTG_ROW_OP,Integral
1968,WORKPACKAGEEXPORTVERSIONJOB,INSERTDATE,String
1969,WORKPACKAGEEXPORTVERSIONJOB,JOBID,String
1970,WORKPACKAGEEXPORTVERSIONJOB,JOBTITLE,String
1971,WORKPACKAGEEXPORTVERSIONJOB,ODSTIMESTAMP,String
1972,WORKPACKAGEEXPORTVERSIONJOB,SHIPID,String
1973,WORKPACKAGEEXPORTVERSIONJOB,SYS_CHANGE_OPERATION,String
1974,WORKPACKAGEEXPORTVERSIONJOB,UPDATEDATE,String
1975,WORKPACKAGEEXPORTVERSIONJOB,VERSION,Integral
1976,WORKPACKAGEEXPORTVERSIONJOB,WORKPACKAGEID,String
1977,WORKPACKAGEEXPORTVERSIONJOB,WRKPCKAGEEXPVERJB_PKID,String
1978,WORKPACKAGESPECISSUE,AMENDMENTNO,Integral
1979,WORKPACKAGESPECISSUE,BACKENDVERSION,String
1980,WORKPACKAGESPECISSUE,EDWEFFECTIVEFROMTS,String
1981,WORKPACKAGESPECISSUE,EDWEFFECTIVETOTS,Unknown
1982,WORKPACKAGESPECISSUE,EDWLOADTS,String
1983,WORKPACKAGESPECISSUE,EDWSEQ_NO,Integral
1984,WORKPACKAGESPECISSUE,EDWSOFT_DEL_IND,Integral
1985,WORKPACKAGESPECISSUE,EDWSTG_ROW_OP,Integral
1986,WORKPACKAGESPECISSUE,ENDDATE,String
1987,WORKPACKAGESPECISSUE,FREEZEDATE,String
1988,WORKPACKAGESPECISSUE,INSERTDATE,Unknown
1989,WORKPACKAGESPECISSUE,ISSUEDATE,String
1990,WORKPACKAGESPECISSUE,LETTERSOFAUTHORITY,Unknown
1991,WORKPACKAGESPECISSUE,NOTES,String
1992,WORKPACKAGESPECISSUE,ODSTIMESTAMP,String
1993,WORKPACKAGESPECISSUE,OWNER,String
1994,WORKPACKAGESPECISSUE,SHIPID,String
1995,WORKPACKAGESPECISSUE,SPECISSUE,Integral
1996,WORKPACKAGESPECISSUE,STARTDATE,String
1997,WORKPACKAGESPECISSUE,SYS_CHANGE_OPERATION,String
1998,WORKPACKAGESPECISSUE,UPDATEDATE,Unknown
1999,WORKPACKAGESPECISSUE,VENUEID,String
2000,WORKPACKAGESPECISSUE,WORKPACKAGEID,String
2001,WORKPACKAGESPECISSUE,WORKPACKAGESPECISSUEID,String
2002,WORKPACKAGESPECISSUE,WORKPACKAGESPECISSUE_PKID,String
2003,WORKPACKAGESPECISSUE,WPTITLE,String
2004,WORKPACKAGESPECJOB,ADDITIONALINFORMATION,String
2005,WORKPACKAGESPECJOB,APPLICABLEINFORMATION,String
2006,WORKPACKAGESPECJOB,DEFECTID,String
2007,WORKPACKAGESPECJOB,DEFECTTITLE,String
2008,WORKPACKAGESPECJOB,EDWEFFECTIVEFROMTS,String
2009,WORKPACKAGESPECJOB,EDWEFFECTIVETOTS,String
2010,WORKPACKAGESPECJOB,EDWLOADTS,String
2011,WORKPACKAGESPECJOB,EDWSEQ_NO,Integral
2012,WORKPACKAGESPECJOB,EDWSOFT_DEL_IND,Integral
2013,WORKPACKAGESPECJOB,EDWSTG_ROW_OP,String
2014,WORKPACKAGESPECJOB,INSERTDATE,String
2015,WORKPACKAGESPECJOB,JOBID,String
2016,WORKPACKAGESPECJOB,JOBREQUISITIONDESCRIPTION,String
2017,WORKPACKAGESPECJOB,JOBTITLE,String
2018,WORKPACKAGESPECJOB,MOP,String
2019,WORKPACKAGESPECJOB,ODSTIMESTAMP,String
2020,WORKPACKAGESPECJOB,PARAGRAPHNO,String
2021,WORKPACKAGESPECJOB,PERIODICITY,String
2022,WORKPACKAGESPECJOB,PMS,String
2023,WORKPACKAGESPECJOB,REMEDIALACTION,String
2024,WORKPACKAGESPECJOB,RFAEQUIPMENTCODE,String
2025,WORKPACKAGESPECJOB,S340JOBTYPE,String
2026,WORKPACKAGESPECJOB,SHIPID,String
2027,WORKPACKAGESPECJOB,SYS_CHANGE_OPERATION,String
2028,WORKPACKAGESPECJOB,TASKID,String
2029,WORKPACKAGESPECJOB,TASKTITLE,String
2030,WORKPACKAGESPECJOB,UPDATEDATE,String
2031,WORKPACKAGESPECJOB,WORKLISTNO,String
2032,WORKPACKAGESPECJOB,WORKPACKAGESPECISSUEID,String
2033,WORKPACKAGESPECJOB,WORKPACKAGESPECJOB_PKID,String
2034,WORKPACKAGESPECJOB,WORKSPECGROUPINGID,String
2035,WORKPACKAGESPECJOB,WORKSPECJOBID,String
2036,WORKPACKAGESPECJOB,WORKSPECJOBTITLE,String
2037,WORKPACKAGESPECJOB,WORKSPECJOBTYPE,String
2038,WORKPACKAGESPECJOBASSET,ACCREF,String
2039,WORKPACKAGESPECJOBASSET,ASSETTEXT,String
2040,WORKPACKAGESPECJOBASSET,COMPARTREF,String
2041,WORKPACKAGESPECJOBASSET,DATEJOBLASTDONE,String
2042,WORKPACKAGESPECJOBASSET,EDWEFFECTIVEFROMTS,String
2043,WORKPACKAGESPECJOBASSET,EDWEFFECTIVETOTS,Integral
2044,WORKPACKAGESPECJOBASSET,EDWLOADTS,String
2045,WORKPACKAGESPECJOBASSET,EDWSEQ_NO,String
2046,WORKPACKAGESPECJOBASSET,EDWSOFT_DEL_IND,String
2047,WORKPACKAGESPECJOBASSET,EDWSTG_ROW_OP,String
2048,WORKPACKAGESPECJOBASSET,INSERTDATE,String
2049,WORKPACKAGESPECJOBASSET,JOBASSETSTATUSDATE,String
2050,WORKPACKAGESPECJOBASSET,JOBASSETSTATUSID,String
2051,WORKPACKAGESPECJOBASSET,JOBID,String
2052,WORKPACKAGESPECJOBASSET,ODSTIMESTAMP,String
2053,WORKPACKAGESPECJOBASSET,SHIPID,String
2054,WORKPACKAGESPECJOBASSET,SYS_CHANGE_OPERATION,String
2055,WORKPACKAGESPECJOBASSET,UPDATEDATE,Unknown
2056,WORKPACKAGESPECJOBASSET,WORKPACKAGESPECISSUEID,String
2057,WORKPACKAGESPECJOBASSET,WORKPACKAGESPECJOBASSET_PKID,String
2058,WRKPCKAGEEXPVERSIONJOBASSET,ACCREF,String
2059,WRKPCKAGEEXPVERSIONJOBASSET,ASSETTEXT,String
2060,WRKPCKAGEEXPVERSIONJOBASSET,COMPARTREF,String
2061,WRKPCKAGEEXPVERSIONJOBASSET,EDWEFFECTIVEFROMTS,String
2062,WRKPCKAGEEXPVERSIONJOBASSET,EDWEFFECTIVETOTS,Integral
2063,WRKPCKAGEEXPVERSIONJOBASSET,EDWLOADTS,String
2064,WRKPCKAGEEXPVERSIONJOBASSET,EDWSEQ_NO,String
2065,WRKPCKAGEEXPVERSIONJOBASSET,EDWSOFT_DEL_IND,String
2066,WRKPCKAGEEXPVERSIONJOBASSET,EDWSTG_ROW_OP,String
2067,WRKPCKAGEEXPVERSIONJOBASSET,FUNCDESC,String
2068,WRKPCKAGEEXPVERSIONJOBASSET,INSERTDATE,String
2069,WRKPCKAGEEXPVERSIONJOBASSET,JOBID,String
2070,WRKPCKAGEEXPVERSIONJOBASSET,ODSTIMESTAMP,String
2071,WRKPCKAGEEXPVERSIONJOBASSET,SFDID,String
2072,WRKPCKAGEEXPVERSIONJOBASSET,SHIPID,String
2073,WRKPCKAGEEXPVERSIONJOBASSET,SYS_CHANGE_OPERATION,String
2074,WRKPCKAGEEXPVERSIONJOBASSET,UPDATEDATE,String
2075,WRKPCKAGEEXPVERSIONJOBASSET,VERSION,Integral
2076,WRKPCKAGEEXPVERSIONJOBASSET,WORKPACKAGEID,String
2077,WRKPCKAGEEXPVERSIONJOBASSET,WRKPCKAGEEXPVERJB_PKID,String
