id,data_source_id,table_name,rule_type,column_names,column_match_expr,comment,tags,parameters,created_at,created_by,updated_at,updated_by,deleted_at,deleted_by
652,4,TC_ACTIVITY,complete,ACTIVITYPLANNEDEND,,,ADW-ICD-1.8,,2024-06-25T13:29:24.071Z,dq,2024-06-25T13:29:24.071Z,dq,,
653,4,TC_ACTIVITY,complete,ACTIVITYPLANNEDSTART,,,ADW-ICD-1.8,,2024-06-25T13:29:24.071Z,dq,2024-06-25T13:29:24.071Z,dq,,
120,4,TC_ACTIVITY,length,ACTIVITYSPECIALINSTRUCTIONS,,,ICD-1.2,"{\"max\": 4000}",2024-06-25T15:04:13.062Z,dq,2024-06-25T15:04:13.062Z,dq,,
121,4,TC_ACTIVITY,complete,ACTIVITYSPECIALINSTRUCTIONS,,,ICD-1.2,,2024-06-25T15:04:13.062Z,dq,2024-06-25T15:04:13.062Z,dq,,
122,4,TC_ACTIVITY,unique,ACTIVITYSPECIALINSTRUCTIONS,,,ICD-1.2,,2024-06-25T15:04:13.062Z,dq,2024-06-25T15:04:13.062Z,dq,,
114,4,TC_ACTIVITY,length,ACTIVITYTYPE,,,ICD-1.2,"{\"max\": 255}",2024-06-25T15:04:13.062Z,dq,2024-06-25T15:04:13.062Z,dq,,
115,4,TC_ACTIVITY,complete,ACTIVITYTYPE,,,ICD-1.2,,2024-06-25T15:04:13.062Z,dq,2024-06-25T15:04:13.062Z,dq,,
116,4,TC_ACTIVITY,unique,ACTIVITYTYPE,,,ICD-1.2,,2024-06-25T15:04:13.062Z,dq,2024-06-25T15:04:13.062Z,dq,,
117,4,TC_ACTIVITY,length,ACTIVITYTYPEDESCRIPTION,,,ICD-1.2,"{\"max\": 500}",2024-06-25T15:04:13.062Z,dq,2024-06-25T15:04:13.062Z,dq,,
118,4,TC_ACTIVITY,complete,ACTIVITYTYPEDESCRIPTION,,,ICD-1.2,,2024-06-25T15:04:13.062Z,dq,2024-06-25T15:04:13.062Z,dq,,
119,4,TC_ACTIVITY,unique,ACTIVITYTYPEDESCRIPTION,,,ICD-1.2,,2024-06-25T15:04:13.062Z,dq,2024-06-25T15:04:13.062Z,dq,,
651,4,TC_ACTIVITY,length,ACTIVITY_ID,,,ADW-ICD-1.8,"{\"max\": 20}",2024-06-25T13:29:24.071Z,dq,2024-06-25T13:29:24.071Z,dq,,
654,4,TC_ACTIVITY,length,ASSETID,,,ADW-ICD-1.8,"{\"max\": 32}",2024-06-25T13:29:24.071Z,dq,2024-06-25T13:29:24.071Z,dq,,
66,4,TC_ACTIVITY,length,ASSETID,,,ICD-1.2,"{\"max\": 50}",2024-06-25T15:04:13.061Z,dq,2024-06-25T15:04:13.061Z,dq,,
67,4,TC_ACTIVITY,complete,ASSETID,,,ICD-1.2,,2024-06-25T15:04:13.061Z,dq,2024-06-25T15:04:13.061Z,dq,,
68,4,TC_ACTIVITY,unique,ASSETID,,,ICD-1.2,,2024-06-25T15:04:13.061Z,dq,2024-06-25T15:04:13.061Z,dq,,
655,4,TC_ACTIVITY,length,ATUDCONTROLNUMBER,,,ADW-ICD-1.8,"{\"max\": 40}",2024-06-25T13:29:24.071Z,dq,2024-06-25T13:29:24.071Z,dq,,
75,4,TC_ACTIVITY,length,ATUDCONTROLNUMBER,,,ICD-1.2,"{\"max\": 255}",2024-06-25T15:04:13.061Z,dq,2024-06-25T15:04:13.061Z,dq,,
76,4,TC_ACTIVITY,complete,ATUDCONTROLNUMBER,,,ICD-1.2,,2024-06-25T15:04:13.061Z,dq,2024-06-25T15:04:13.061Z,dq,,
77,4,TC_ACTIVITY,unique,ATUDCONTROLNUMBER,,,ICD-1.2,,2024-06-25T15:04:13.061Z,dq,2024-06-25T15:04:13.061Z,dq,,
656,4,TC_ACTIVITY,complete,ATUDENDDATE,,,ADW-ICD-1.8,,2024-06-25T13:29:24.071Z,dq,2024-06-25T13:29:24.071Z,dq,,
657,4,TC_ACTIVITY,complete,ATUDSTARTDATE,,,ADW-ICD-1.8,,2024-06-25T13:29:24.071Z,dq,2024-06-25T13:29:24.071Z,dq,,
658,4,TC_ACTIVITY,length,AUTHINITIALS,,,ADW-ICD-1.8,"{\"max\": 100}",2024-06-25T13:29:24.071Z,dq,2024-06-25T13:29:24.071Z,dq,,
81,4,TC_ACTIVITY,length,AUTHINITIALS,,,ICD-1.2,"{\"max\": 20}",2024-06-25T15:04:13.061Z,dq,2024-06-25T15:04:13.061Z,dq,,
82,4,TC_ACTIVITY,complete,AUTHINITIALS,,,ICD-1.2,,2024-06-25T15:04:13.061Z,dq,2024-06-25T15:04:13.061Z,dq,,
83,4,TC_ACTIVITY,unique,AUTHINITIALS,,,ICD-1.2,,2024-06-25T15:04:13.061Z,dq,2024-06-25T15:04:13.061Z,dq,,
659,4,TC_ACTIVITY,length,AUTHSERVICENUMBER,,,ADW-ICD-1.8,"{\"max\": 20}",2024-06-25T13:29:24.071Z,dq,2024-06-25T13:29:24.071Z,dq,,
87,4,TC_ACTIVITY,length,AUTHSERVICENUMBER,,,ICD-1.2,"{\"max\": 50}",2024-06-25T15:04:13.061Z,dq,2024-06-25T15:04:13.061Z,dq,,
88,4,TC_ACTIVITY,complete,AUTHSERVICENUMBER,,,ICD-1.2,,2024-06-25T15:04:13.061Z,dq,2024-06-25T15:04:13.061Z,dq,,
89,4,TC_ACTIVITY,unique,AUTHSERVICENUMBER,,,ICD-1.2,,2024-06-25T15:04:13.061Z,dq,2024-06-25T15:04:13.061Z,dq,,
660,4,TC_ACTIVITY,length,AUTHSURNAME,,,ADW-ICD-1.8,"{\"max\": 100}",2024-06-25T13:29:24.071Z,dq,2024-06-25T13:29:24.071Z,dq,,
84,4,TC_ACTIVITY,length,AUTHSURNAME,,,ICD-1.2,"{\"max\": 50}",2024-06-25T15:04:13.061Z,dq,2024-06-25T15:04:13.061Z,dq,,
85,4,TC_ACTIVITY,complete,AUTHSURNAME,,,ICD-1.2,,2024-06-25T15:04:13.061Z,dq,2024-06-25T15:04:13.061Z,dq,,
86,4,TC_ACTIVITY,unique,AUTHSURNAME,,,ICD-1.2,,2024-06-25T15:04:13.061Z,dq,2024-06-25T15:04:13.061Z,dq,,
123,4,TC_ACTIVITY,length,DELETEFLAG,,,ICD-1.2,"{\"max\": 1}",2024-06-25T15:04:13.062Z,dq,2024-06-25T15:04:13.062Z,dq,,
124,4,TC_ACTIVITY,complete,DELETEFLAG,,,ICD-1.2,,2024-06-25T15:04:13.062Z,dq,2024-06-25T15:04:13.062Z,dq,,
125,4,TC_ACTIVITY,unique,DELETEFLAG,,,ICD-1.2,,2024-06-25T15:04:13.062Z,dq,2024-06-25T15:04:13.062Z,dq,,
661,4,TC_ACTIVITY,length,DESCRIPTION,,,ADW-ICD-1.8,"{\"max\": 2000}",2024-06-25T13:29:24.071Z,dq,2024-06-25T13:29:24.071Z,dq,,
78,4,TC_ACTIVITY,length,DESCRIPTION,,,ICD-1.2,"{\"max\": 20}",2024-06-25T15:04:13.061Z,dq,2024-06-25T15:04:13.061Z,dq,,
79,4,TC_ACTIVITY,complete,DESCRIPTION,,,ICD-1.2,,2024-06-25T15:04:13.061Z,dq,2024-06-25T15:04:13.061Z,dq,,
80,4,TC_ACTIVITY,unique,DESCRIPTION,,,ICD-1.2,,2024-06-25T15:04:13.061Z,dq,2024-06-25T15:04:13.061Z,dq,,
662,4,TC_ACTIVITY,length,DESTINATION,,,ADW-ICD-1.8,"{\"max\": 40}",2024-06-25T13:29:24.071Z,dq,2024-06-25T13:29:24.071Z,dq,,
96,4,TC_ACTIVITY,length,DESTINATION,,,ICD-1.2,"{\"max\": 50}",2024-06-25T15:04:13.061Z,dq,2024-06-25T15:04:13.061Z,dq,,
97,4,TC_ACTIVITY,complete,DESTINATION,,,ICD-1.2,,2024-06-25T15:04:13.061Z,dq,2024-06-25T15:04:13.061Z,dq,,
98,4,TC_ACTIVITY,unique,DESTINATION,,,ICD-1.2,,2024-06-25T15:04:13.061Z,dq,2024-06-25T15:04:13.061Z,dq,,
663,4,TC_ACTIVITY,length,DRIVERNAME,,,ADW-ICD-1.8,"{\"max\": 100}",2024-06-25T13:29:24.071Z,dq,2024-06-25T13:29:24.071Z,dq,,
126,4,TC_ACTIVITY,length,DRIVERNAME,,,ICD-1.2,"{\"max\": 255}",2024-06-25T15:04:13.062Z,dq,2024-06-25T15:04:13.062Z,dq,,
127,4,TC_ACTIVITY,complete,DRIVERNAME,,,ICD-1.2,,2024-06-25T15:04:13.062Z,dq,2024-06-25T15:04:13.062Z,dq,,
128,4,TC_ACTIVITY,unique,DRIVERNAME,,,ICD-1.2,,2024-06-25T15:04:13.062Z,dq,2024-06-25T15:04:13.062Z,dq,,
108,4,TC_ACTIVITY,length,DRIVERRANK,,,ICD-1.2,"{\"max\": 20}",2024-06-25T15:04:13.062Z,dq,2024-06-25T15:04:13.062Z,dq,,
109,4,TC_ACTIVITY,complete,DRIVERRANK,,,ICD-1.2,,2024-06-25T15:04:13.062Z,dq,2024-06-25T15:04:13.062Z,dq,,
110,4,TC_ACTIVITY,unique,DRIVERRANK,,,ICD-1.2,,2024-06-25T15:04:13.062Z,dq,2024-06-25T15:04:13.062Z,dq,,
664,4,TC_ACTIVITY,length,DRIVERSERVICENUMBER,,,ADW-ICD-1.8,"{\"max\": 11}",2024-06-25T13:29:24.071Z,dq,2024-06-25T13:29:24.071Z,dq,,
111,4,TC_ACTIVITY,length,DRIVERSERVICENUMBER,,,ICD-1.2,"{\"max\": 50}",2024-06-25T15:04:13.062Z,dq,2024-06-25T15:04:13.062Z,dq,,
112,4,TC_ACTIVITY,complete,DRIVERSERVICENUMBER,,,ICD-1.2,,2024-06-25T15:04:13.062Z,dq,2024-06-25T15:04:13.062Z,dq,,
113,4,TC_ACTIVITY,unique,DRIVERSERVICENUMBER,,,ICD-1.2,,2024-06-25T15:04:13.062Z,dq,2024-06-25T15:04:13.062Z,dq,,
665,4,TC_ACTIVITY,length,ENDODO,,,ADW-ICD-1.8,"{\"max\": 22}",2024-06-25T13:29:24.071Z,dq,2024-06-25T13:29:24.071Z,dq,,
666,4,TC_ACTIVITY,length,EVENTID,,,ADW-ICD-1.8,"{\"max\": 32}",2024-06-25T13:29:24.071Z,dq,2024-06-25T13:29:24.071Z,dq,,
69,4,TC_ACTIVITY,length,EVENTID,,,ICD-1.2,"{\"max\": 50}",2024-06-25T15:04:13.061Z,dq,2024-06-25T15:04:13.061Z,dq,,
70,4,TC_ACTIVITY,complete,EVENTID,,,ICD-1.2,,2024-06-25T15:04:13.061Z,dq,2024-06-25T15:04:13.061Z,dq,,
71,4,TC_ACTIVITY,unique,EVENTID,,,ICD-1.2,,2024-06-25T15:04:13.061Z,dq,2024-06-25T15:04:13.061Z,dq,,
667,4,TC_ACTIVITY,length,EVENTNAME,,,ADW-ICD-1.8,"{\"max\": 40}",2024-06-25T13:29:24.071Z,dq,2024-06-25T13:29:24.071Z,dq,,
90,4,TC_ACTIVITY,length,EVENTNAME,,,ICD-1.2,"{\"max\": 50}",2024-06-25T15:04:13.061Z,dq,2024-06-25T15:04:13.061Z,dq,,
91,4,TC_ACTIVITY,complete,EVENTNAME,,,ICD-1.2,,2024-06-25T15:04:13.061Z,dq,2024-06-25T15:04:13.061Z,dq,,
92,4,TC_ACTIVITY,unique,EVENTNAME,,,ICD-1.2,,2024-06-25T15:04:13.061Z,dq,2024-06-25T15:04:13.061Z,dq,,
668,4,TC_ACTIVITY,length,EVENTOWNERNAME,,,ADW-ICD-1.8,"{\"max\": 60}",2024-06-25T13:29:24.071Z,dq,2024-06-25T13:29:24.071Z,dq,,
93,4,TC_ACTIVITY,length,EVENTOWNERNAME,,,ICD-1.2,"{\"max\": 100}",2024-06-25T15:04:13.061Z,dq,2024-06-25T15:04:13.061Z,dq,,
94,4,TC_ACTIVITY,complete,EVENTOWNERNAME,,,ICD-1.2,,2024-06-25T15:04:13.061Z,dq,2024-06-25T15:04:13.061Z,dq,,
95,4,TC_ACTIVITY,unique,EVENTOWNERNAME,,,ICD-1.2,,2024-06-25T15:04:13.061Z,dq,2024-06-25T15:04:13.061Z,dq,,
669,4,TC_ACTIVITY,length,EVENTOWNERUIN,,,ADW-ICD-1.8,"{\"max\": 6}",2024-06-25T13:29:24.071Z,dq,2024-06-25T13:29:24.071Z,dq,,
99,4,TC_ACTIVITY,length,EVENTOWNERUIN,,,ICD-1.2,"{\"max\": 20}",2024-06-25T15:04:13.061Z,dq,2024-06-25T15:04:13.061Z,dq,,
100,4,TC_ACTIVITY,complete,EVENTOWNERUIN,,,ICD-1.2,,2024-06-25T15:04:13.061Z,dq,2024-06-25T15:04:13.061Z,dq,,
101,4,TC_ACTIVITY,unique,EVENTOWNERUIN,,,ICD-1.2,,2024-06-25T15:04:13.061Z,dq,2024-06-25T15:04:13.061Z,dq,,
670,4,TC_ACTIVITY,length,EVENTUSAGE,,,ADW-ICD-1.8,"{\"max\": 22}",2024-06-25T13:29:24.071Z,dq,2024-06-25T13:29:24.071Z,dq,,
671,4,TC_ACTIVITY,length,FUELDRAWNSUM,,,ADW-ICD-1.8,"{\"max\": 15}",2024-06-25T13:29:24.071Z,dq,2024-06-25T13:29:24.071Z,dq,,
672,4,TC_ACTIVITY,length,STARTODO,,,ADW-ICD-1.8,"{\"max\": 22}",2024-06-25T13:29:24.071Z,dq,2024-06-25T13:29:24.071Z,dq,,
673,4,TC_ACTIVITY,length,UNITIDENTITYNUMBER,,,ADW-ICD-1.8,"{\"max\": 6}",2024-06-25T13:29:24.072Z,dq,2024-06-25T13:29:24.072Z,dq,,
105,4,TC_ACTIVITY,length,UNITIDENTITYNUMBER,,,ICD-1.2,"{\"max\": 50}",2024-06-25T15:04:13.062Z,dq,2024-06-25T15:04:13.062Z,dq,,
106,4,TC_ACTIVITY,complete,UNITIDENTITYNUMBER,,,ICD-1.2,,2024-06-25T15:04:13.062Z,dq,2024-06-25T15:04:13.062Z,dq,,
107,4,TC_ACTIVITY,unique,UNITIDENTITYNUMBER,,,ICD-1.2,,2024-06-25T15:04:13.062Z,dq,2024-06-25T15:04:13.062Z,dq,,
674,4,TC_ACTIVITY,length,USAGECOUNTERTYPE,,,ADW-ICD-1.8,"{\"max\": 30}",2024-06-25T13:29:24.072Z,dq,2024-06-25T13:29:24.072Z,dq,,
102,4,TC_ACTIVITY,length,USAGECOUNTERTYPE,,,ICD-1.2,"{\"max\": 50}",2024-06-25T15:04:13.062Z,dq,2024-06-25T15:04:13.062Z,dq,,
103,4,TC_ACTIVITY,complete,USAGECOUNTERTYPE,,,ICD-1.2,,2024-06-25T15:04:13.062Z,dq,2024-06-25T15:04:13.062Z,dq,,
104,4,TC_ACTIVITY,unique,USAGECOUNTERTYPE,,,ICD-1.2,,2024-06-25T15:04:13.062Z,dq,2024-06-25T15:04:13.062Z,dq,,
72,4,TC_ACTIVITY,length,USAGECOUNTERUNIT,,,ICD-1.2,"{\"max\": 50}",2024-06-25T15:04:13.061Z,dq,2024-06-25T15:04:13.061Z,dq,,
73,4,TC_ACTIVITY,complete,USAGECOUNTERUNIT,,,ICD-1.2,,2024-06-25T15:04:13.061Z,dq,2024-06-25T15:04:13.061Z,dq,,
74,4,TC_ACTIVITY,unique,USAGECOUNTERUNIT,,,ICD-1.2,,2024-06-25T15:04:13.061Z,dq,2024-06-25T15:04:13.061Z,dq,,
54,4,TC_ACT_SEC_USAGE,length,ASSETID,,,ICD-1.2,"{\"max\": 32}",2024-06-25T15:04:13.060Z,dq,2024-06-25T15:04:13.060Z,dq,,
55,4,TC_ACT_SEC_USAGE,complete,ASSETID,,,ICD-1.2,,2024-06-25T15:04:13.060Z,dq,2024-06-25T15:04:13.060Z,dq,,
56,4,TC_ACT_SEC_USAGE,unique,ASSETID,,,ICD-1.2,,2024-06-25T15:04:13.060Z,dq,2024-06-25T15:04:13.060Z,dq,,
63,4,TC_ACT_SEC_USAGE,length,DELETEFLAG,,,ICD-1.2,"{\"max\": 1}",2024-06-25T15:04:13.061Z,dq,2024-06-25T15:04:13.061Z,dq,,
64,4,TC_ACT_SEC_USAGE,complete,DELETEFLAG,,,ICD-1.2,,2024-06-25T15:04:13.061Z,dq,2024-06-25T15:04:13.061Z,dq,,
65,4,TC_ACT_SEC_USAGE,unique,DELETEFLAG,,,ICD-1.2,,2024-06-25T15:04:13.061Z,dq,2024-06-25T15:04:13.061Z,dq,,
645,4,TC_ACT_SEC_USAGE,complete,ENDVALUE,,,ADW-ICD-1.8,,2024-06-25T13:29:24.070Z,dq,2024-06-25T13:29:24.070Z,dq,,
646,4,TC_ACT_SEC_USAGE,length,ENDVALUE,,,ADW-ICD-1.8,"{\"max\": 22}",2024-06-25T13:29:24.070Z,dq,2024-06-25T13:29:24.070Z,dq,,
57,4,TC_ACT_SEC_USAGE,length,EVENTID,,,ICD-1.2,"{\"max\": 32}",2024-06-25T15:04:13.061Z,dq,2024-06-25T15:04:13.061Z,dq,,
58,4,TC_ACT_SEC_USAGE,complete,EVENTID,,,ICD-1.2,,2024-06-25T15:04:13.061Z,dq,2024-06-25T15:04:13.061Z,dq,,
59,4,TC_ACT_SEC_USAGE,unique,EVENTID,,,ICD-1.2,,2024-06-25T15:04:13.061Z,dq,2024-06-25T15:04:13.061Z,dq,,
647,4,TC_ACT_SEC_USAGE,complete,EVENTUSAGE,,,ADW-ICD-1.8,,2024-06-25T13:29:24.071Z,dq,2024-06-25T13:29:24.071Z,dq,,
648,4,TC_ACT_SEC_USAGE,length,EVENTUSAGE,,,ADW-ICD-1.8,"{\"max\": 22}",2024-06-25T13:29:24.071Z,dq,2024-06-25T13:29:24.071Z,dq,,
649,4,TC_ACT_SEC_USAGE,complete,STARTVALUE,,,ADW-ICD-1.8,,2024-06-25T13:29:24.071Z,dq,2024-06-25T13:29:24.071Z,dq,,
650,4,TC_ACT_SEC_USAGE,length,STARTVALUE,,,ADW-ICD-1.8,"{\"max\": 22}",2024-06-25T13:29:24.071Z,dq,2024-06-25T13:29:24.071Z,dq,,
60,4,TC_ACT_SEC_USAGE,length,USAGEPARAMETERVALUE,,,ICD-1.2,"{\"max\": 30}",2024-06-25T15:04:13.061Z,dq,2024-06-25T15:04:13.061Z,dq,,
61,4,TC_ACT_SEC_USAGE,complete,USAGEPARAMETERVALUE,,,ICD-1.2,,2024-06-25T15:04:13.061Z,dq,2024-06-25T15:04:13.061Z,dq,,
62,4,TC_ACT_SEC_USAGE,unique,USAGEPARAMETERVALUE,,,ICD-1.2,,2024-06-25T15:04:13.061Z,dq,2024-06-25T15:04:13.061Z,dq,,
1,4,TC_ASSET_FLEET_IDENTS,in,ASSETDSID,,,,"{\"column\": \"TCINSTANCES.ASSETID\"}",2023-10-03T00:00:00.000Z,dq,2023-10-03T00:00:00.000Z,dq,,
2,4,TC_ASSET_FLEET_IDENTS,complete,ASSETDSID,,,,,2023-10-03T00:00:00.000Z,dq,2023-10-03T00:00:00.000Z,dq,,
3,4,TC_ASSET_FLEET_IDENTS,length,ASSETDSID,,,,"{\"max\": 32}",2023-10-03T00:00:00.000Z,dq,2023-10-03T00:00:00.000Z,dq,,
0,4,TC_ASSET_FLEET_IDENTS,unique,"ASSETDSID,FLEETIDENTID",,,,,2023-10-03T00:00:00.000Z,dq,2023-10-03T00:00:00.000Z,dq,,
9,4,TC_ASSET_FLEET_IDENTS,in,DELETEFLAG,,,,"{\"set\": [\"Y\", \"N\"]}",2023-10-03T00:00:00.000Z,dq,2023-10-03T00:00:00.000Z,dq,,
4,4,TC_ASSET_FLEET_IDENTS,complete,FLEETID,,,,,2023-10-03T00:00:00.000Z,dq,2023-10-03T00:00:00.000Z,dq,,
5,4,TC_ASSET_FLEET_IDENTS,complete,FLEETIDENTID,,,,,2023-10-03T00:00:00.000Z,dq,2023-10-03T00:00:00.000Z,dq,,
6,4,TC_ASSET_FLEET_IDENTS,length,FLEETIDENTID,,,,"{\"max\": 500}",2023-10-03T00:00:00.000Z,dq,2023-10-03T00:00:00.000Z,dq,,
10,4,TC_ASSET_FLEET_IDENTS,complete,LASTQUERIEDDATE,,,,,2023-10-03T00:00:00.000Z,dq,2023-10-03T00:00:00.000Z,dq,,
7,4,TC_ASSET_FLEET_IDENTS,complete,READINESSCODE,,,,,2023-10-03T00:00:00.000Z,dq,2023-10-03T00:00:00.000Z,dq,,
8,4,TC_ASSET_FLEET_IDENTS,length,READINESSCODE,,,,"{\"max\": 500}",2023-10-03T00:00:00.000Z,dq,2023-10-03T00:00:00.000Z,dq,,
11,4,TC_ASSET_FLEET_IDENTS,in_sync,READINESSCODE,,,,"{\"with\": \"jmraw.TC_ASSET_FLEET_IDENTS.READINESS_CODE\", \"values\": \"this\", \"keys\": [{\"this\": \"ASSETDSID\", \"other\": \"ASSET_DS_ID\"}, {\"this\": \"FLEETIDENTID\", \"other\": \"FLEET_IDENT_ID\"}]}",2023-10-03T00:00:00.000Z,dq,2023-10-03T00:00:00.000Z,dq,,
675,4,TC_CALCULATED_OPER_PARAM,length,ACSTATE,,,ADW-ICD-1.8,"{\"max\": 500}",2024-06-25T13:29:24.072Z,dq,2024-06-25T13:29:24.072Z,dq,,
701,4,TC_CALCULATED_OPER_PARAM,length,ADDL_OWN_DEPOT_DS_IDS,,,ADW-ICD-1.8,"{\"max\": 200}",2024-06-25T13:29:24.073Z,dq,2024-06-25T13:29:24.073Z,dq,,
676,4,TC_CALCULATED_OPER_PARAM,unique,ASSETID,,,ADW-ICD-1.8,,2024-06-25T13:29:24.072Z,dq,2024-06-25T13:29:24.072Z,dq,,
677,4,TC_CALCULATED_OPER_PARAM,complete,ASSETID,,,ADW-ICD-1.8,,2024-06-25T13:29:24.072Z,dq,2024-06-25T13:29:24.072Z,dq,,
678,4,TC_CALCULATED_OPER_PARAM,length,ASSETID,,,ADW-ICD-1.8,"{\"max\": 32}",2024-06-25T13:29:24.072Z,dq,2024-06-25T13:29:24.072Z,dq,,
679,4,TC_CALCULATED_OPER_PARAM,length,ASSETUID,,,ADW-ICD-1.8,"{\"max\": 75}",2024-06-25T13:29:24.072Z,dq,2024-06-25T13:29:24.072Z,dq,,
150,4,TC_CALCULATED_OPER_PARAM,length,CALCULATIONFORMULA,,,ICD-1.2,"{\"max\": 4000}",2024-06-25T15:04:13.063Z,dq,2024-06-25T15:04:13.063Z,dq,,
151,4,TC_CALCULATED_OPER_PARAM,complete,CALCULATIONFORMULA,,,ICD-1.2,,2024-06-25T15:04:13.063Z,dq,2024-06-25T15:04:13.063Z,dq,,
152,4,TC_CALCULATED_OPER_PARAM,unique,CALCULATIONFORMULA,,,ICD-1.2,,2024-06-25T15:04:13.063Z,dq,2024-06-25T15:04:13.063Z,dq,,
680,4,TC_CALCULATED_OPER_PARAM,length,COLOUR,,,ADW-ICD-1.8,"{\"max\": 500}",2024-06-25T13:29:24.072Z,dq,2024-06-25T13:29:24.072Z,dq,,
681,4,TC_CALCULATED_OPER_PARAM,length,CUSTODIANORGID,,,ADW-ICD-1.8,"{\"max\": 32}",2024-06-25T13:29:24.072Z,dq,2024-06-25T13:29:24.072Z,dq,,
682,4,TC_CALCULATED_OPER_PARAM,length,CUSTODIANUIN,,,ADW-ICD-1.8,"{\"max\": 6}",2024-06-25T13:29:24.072Z,dq,2024-06-25T13:29:24.072Z,dq,,
683,4,TC_CALCULATED_OPER_PARAM,complete,CUSTODIANUNIT,,,ADW-ICD-1.8,,2024-06-25T13:29:24.072Z,dq,2024-06-25T13:29:24.072Z,dq,,
684,4,TC_CALCULATED_OPER_PARAM,length,CUSTODIANUNIT,,,ADW-ICD-1.8,"{\"max\": 60}",2024-06-25T13:29:24.072Z,dq,2024-06-25T13:29:24.072Z,dq,,
153,4,TC_CALCULATED_OPER_PARAM,length,DELETEFLAG,,,ICD-1.2,"{\"max\": 1}",2024-06-25T15:04:13.063Z,dq,2024-06-25T15:04:13.063Z,dq,,
154,4,TC_CALCULATED_OPER_PARAM,complete,DELETEFLAG,,,ICD-1.2,,2024-06-25T15:04:13.063Z,dq,2024-06-25T15:04:13.063Z,dq,,
155,4,TC_CALCULATED_OPER_PARAM,unique,DELETEFLAG,,,ICD-1.2,,2024-06-25T15:04:13.063Z,dq,2024-06-25T15:04:13.063Z,dq,,
685,4,TC_CALCULATED_OPER_PARAM,length,EQUIPMENTFAMILYGROUP,,,ADW-ICD-1.8,"{\"max\": 500}",2024-06-25T13:29:24.072Z,dq,2024-06-25T13:29:24.072Z,dq,,
686,4,TC_CALCULATED_OPER_PARAM,complete,EQUIPMENTSTATE,,,ADW-ICD-1.8,,2024-06-25T13:29:24.072Z,dq,2024-06-25T13:29:24.072Z,dq,,
687,4,TC_CALCULATED_OPER_PARAM,length,EQUIPMENTSTATE,,,ADW-ICD-1.8,"{\"max\": 100}",2024-06-25T13:29:24.072Z,dq,2024-06-25T13:29:24.072Z,dq,,
688,4,TC_CALCULATED_OPER_PARAM,complete,HOLDERNAME,,,ADW-ICD-1.8,,2024-06-25T13:29:24.072Z,dq,2024-06-25T13:29:24.072Z,dq,,
689,4,TC_CALCULATED_OPER_PARAM,length,HOLDERNAME,,,ADW-ICD-1.8,"{\"max\": 60}",2024-06-25T13:29:24.072Z,dq,2024-06-25T13:29:24.072Z,dq,,
690,4,TC_CALCULATED_OPER_PARAM,length,HOLDERORGID,,,ADW-ICD-1.8,"{\"max\": 32}",2024-06-25T13:29:24.072Z,dq,2024-06-25T13:29:24.072Z,dq,,
691,4,TC_CALCULATED_OPER_PARAM,length,HOLDERUIN,,,ADW-ICD-1.8,"{\"max\": 6}",2024-06-25T13:29:24.072Z,dq,2024-06-25T13:29:24.072Z,dq,,
135,4,TC_CALCULATED_OPER_PARAM,length,LEVEL1DESC,,,ICD-1.2,"{\"max\": 35}",2024-06-25T15:04:13.062Z,dq,2024-06-25T15:04:13.062Z,dq,,
136,4,TC_CALCULATED_OPER_PARAM,complete,LEVEL1DESC,,,ICD-1.2,,2024-06-25T15:04:13.062Z,dq,2024-06-25T15:04:13.062Z,dq,,
137,4,TC_CALCULATED_OPER_PARAM,unique,LEVEL1DESC,,,ICD-1.2,,2024-06-25T15:04:13.062Z,dq,2024-06-25T15:04:13.062Z,dq,,
138,4,TC_CALCULATED_OPER_PARAM,length,LEVEL2DESC,,,ICD-1.2,"{\"max\": 35}",2024-06-25T15:04:13.062Z,dq,2024-06-25T15:04:13.062Z,dq,,
139,4,TC_CALCULATED_OPER_PARAM,complete,LEVEL2DESC,,,ICD-1.2,,2024-06-25T15:04:13.062Z,dq,2024-06-25T15:04:13.062Z,dq,,
140,4,TC_CALCULATED_OPER_PARAM,unique,LEVEL2DESC,,,ICD-1.2,,2024-06-25T15:04:13.062Z,dq,2024-06-25T15:04:13.062Z,dq,,
141,4,TC_CALCULATED_OPER_PARAM,length,LEVEL3DESC,,,ICD-1.2,"{\"max\": 64}",2024-06-25T15:04:13.062Z,dq,2024-06-25T15:04:13.062Z,dq,,
142,4,TC_CALCULATED_OPER_PARAM,complete,LEVEL3DESC,,,ICD-1.2,,2024-06-25T15:04:13.062Z,dq,2024-06-25T15:04:13.062Z,dq,,
143,4,TC_CALCULATED_OPER_PARAM,unique,LEVEL3DESC,,,ICD-1.2,,2024-06-25T15:04:13.062Z,dq,2024-06-25T15:04:13.062Z,dq,,
699,4,TC_CALCULATED_OPER_PARAM,length,LOCATION_ID,,,ADW-ICD-1.8,"{\"max\": 32}",2024-06-25T13:29:24.073Z,dq,2024-06-25T13:29:24.073Z,dq,,
692,4,TC_CALCULATED_OPER_PARAM,complete,MAINTENANCEGROUP,,,ADW-ICD-1.8,,2024-06-25T13:29:24.073Z,dq,2024-06-25T13:29:24.073Z,dq,,
693,4,TC_CALCULATED_OPER_PARAM,length,MAINTENANCEGROUP,,,ADW-ICD-1.8,"{\"max\": 30}",2024-06-25T13:29:24.073Z,dq,2024-06-25T13:29:24.073Z,dq,,
132,4,TC_CALCULATED_OPER_PARAM,length,NSN,,,ICD-1.2,"{\"max\": 50}",2024-06-25T15:04:13.062Z,dq,2024-06-25T15:04:13.062Z,dq,,
133,4,TC_CALCULATED_OPER_PARAM,complete,NSN,,,ICD-1.2,,2024-06-25T15:04:13.062Z,dq,2024-06-25T15:04:13.062Z,dq,,
134,4,TC_CALCULATED_OPER_PARAM,unique,NSN,,,ICD-1.2,,2024-06-25T15:04:13.062Z,dq,2024-06-25T15:04:13.062Z,dq,,
129,4,TC_CALCULATED_OPER_PARAM,length,OPERPARAMDSID,,,ICD-1.2,"{\"max\": 32}",2024-06-25T15:04:13.062Z,dq,2024-06-25T15:04:13.062Z,dq,,
130,4,TC_CALCULATED_OPER_PARAM,complete,OPERPARAMDSID,,,ICD-1.2,,2024-06-25T15:04:13.062Z,dq,2024-06-25T15:04:13.062Z,dq,,
131,4,TC_CALCULATED_OPER_PARAM,unique,OPERPARAMDSID,,,ICD-1.2,,2024-06-25T15:04:13.062Z,dq,2024-06-25T15:04:13.062Z,dq,,
700,4,TC_CALCULATED_OPER_PARAM,length,OWNING_DEPOT_DS_ID,,,ADW-ICD-1.8,"{\"max\": 32}",2024-06-25T13:29:24.073Z,dq,2024-06-25T13:29:24.073Z,dq,,
694,4,TC_CALCULATED_OPER_PARAM,complete,PARTTYPEID,,,ADW-ICD-1.8,,2024-06-25T13:29:24.073Z,dq,2024-06-25T13:29:24.073Z,dq,,
695,4,TC_CALCULATED_OPER_PARAM,length,PARTTYPEID,,,ADW-ICD-1.8,"{\"max\": 32}",2024-06-25T13:29:24.073Z,dq,2024-06-25T13:29:24.073Z,dq,,
696,4,TC_CALCULATED_OPER_PARAM,length,PLATFORMBCIP,,,ADW-ICD-1.8,"{\"max\": 500}",2024-06-25T13:29:24.073Z,dq,2024-06-25T13:29:24.073Z,dq,,
697,4,TC_CALCULATED_OPER_PARAM,length,READINESSLEVEL,,,ADW-ICD-1.8,"{\"max\": 500}",2024-06-25T13:29:24.073Z,dq,2024-06-25T13:29:24.073Z,dq,,
698,4,TC_CALCULATED_OPER_PARAM,complete,SERIALNUMBER,,,ADW-ICD-1.8,,2024-06-25T13:29:24.073Z,dq,2024-06-25T13:29:24.073Z,dq,,
147,4,TC_CALCULATED_OPER_PARAM,length,USAGEPARAMCODE,,,ICD-1.2,"{\"max\": 30}",2024-06-25T15:04:13.062Z,dq,2024-06-25T15:04:13.062Z,dq,,
148,4,TC_CALCULATED_OPER_PARAM,complete,USAGEPARAMCODE,,,ICD-1.2,,2024-06-25T15:04:13.062Z,dq,2024-06-25T15:04:13.062Z,dq,,
149,4,TC_CALCULATED_OPER_PARAM,unique,USAGEPARAMCODE,,,ICD-1.2,,2024-06-25T15:04:13.062Z,dq,2024-06-25T15:04:13.062Z,dq,,
144,4,TC_CALCULATED_OPER_PARAM,length,USAGEPARAMETERNAME,,,ICD-1.2,"{\"max\": 30}",2024-06-25T15:04:13.062Z,dq,2024-06-25T15:04:13.062Z,dq,,
145,4,TC_CALCULATED_OPER_PARAM,complete,USAGEPARAMETERNAME,,,ICD-1.2,,2024-06-25T15:04:13.062Z,dq,2024-06-25T15:04:13.062Z,dq,,
146,4,TC_CALCULATED_OPER_PARAM,unique,USAGEPARAMETERNAME,,,ICD-1.2,,2024-06-25T15:04:13.062Z,dq,2024-06-25T15:04:13.062Z,dq,,
213,4,TC_EQUIPMENT,length,ACSTATE,,,ICD-1.2,"{\"max\": 300}",2024-06-25T15:04:13.064Z,dq,2024-06-25T15:04:13.064Z,dq,,
214,4,TC_EQUIPMENT,complete,ACSTATE,,,ICD-1.2,,2024-06-25T15:04:13.064Z,dq,2024-06-25T15:04:13.064Z,dq,,
215,4,TC_EQUIPMENT,unique,ACSTATE,,,ICD-1.2,,2024-06-25T15:04:13.064Z,dq,2024-06-25T15:04:13.064Z,dq,,
225,4,TC_EQUIPMENT,length,ADRCOMPLAINT,,,ICD-1.2,"{\"max\": 3}",2024-06-25T15:04:13.064Z,dq,2024-06-25T15:04:13.064Z,dq,,
226,4,TC_EQUIPMENT,complete,ADRCOMPLAINT,,,ICD-1.2,,2024-06-25T15:04:13.064Z,dq,2024-06-25T15:04:13.064Z,dq,,
227,4,TC_EQUIPMENT,unique,ADRCOMPLAINT,,,ICD-1.2,,2024-06-25T15:04:13.064Z,dq,2024-06-25T15:04:13.064Z,dq,,
171,4,TC_EQUIPMENT,length,ALTERNATEERM,,,ICD-1.2,"{\"max\": 10}",2024-06-25T15:04:13.063Z,dq,2024-06-25T15:04:13.063Z,dq,,
172,4,TC_EQUIPMENT,complete,ALTERNATEERM,,,ICD-1.2,,2024-06-25T15:04:13.063Z,dq,2024-06-25T15:04:13.063Z,dq,,
173,4,TC_EQUIPMENT,unique,ALTERNATEERM,,,ICD-1.2,,2024-06-25T15:04:13.063Z,dq,2024-06-25T15:04:13.063Z,dq,,
156,4,TC_EQUIPMENT,length,ASSETID,,,ICD-1.2,"{\"max\": 32}",2024-06-25T15:04:13.063Z,dq,2024-06-25T15:04:13.063Z,dq,,
157,4,TC_EQUIPMENT,complete,ASSETID,,,ICD-1.2,,2024-06-25T15:04:13.063Z,dq,2024-06-25T15:04:13.063Z,dq,,
158,4,TC_EQUIPMENT,unique,ASSETID,,,ICD-1.2,,2024-06-25T15:04:13.063Z,dq,2024-06-25T15:04:13.063Z,dq,,
249,4,TC_EQUIPMENT,length,ASSETUID,,,ICD-1.2,"{\"max\": 50}",2024-06-25T15:04:13.064Z,dq,2024-06-25T15:04:13.064Z,dq,,
250,4,TC_EQUIPMENT,complete,ASSETUID,,,ICD-1.2,,2024-06-25T15:04:13.064Z,dq,2024-06-25T15:04:13.064Z,dq,,
251,4,TC_EQUIPMENT,unique,ASSETUID,,,ICD-1.2,,2024-06-25T15:04:13.064Z,dq,2024-06-25T15:04:13.064Z,dq,,
210,4,TC_EQUIPMENT,length,COLOUR,,,ICD-1.2,"{\"max\": 100}",2024-06-25T15:04:13.063Z,dq,2024-06-25T15:04:13.063Z,dq,,
211,4,TC_EQUIPMENT,complete,COLOUR,,,ICD-1.2,,2024-06-25T15:04:13.063Z,dq,2024-06-25T15:04:13.063Z,dq,,
212,4,TC_EQUIPMENT,unique,COLOUR,,,ICD-1.2,,2024-06-25T15:04:13.063Z,dq,2024-06-25T15:04:13.063Z,dq,,
198,4,TC_EQUIPMENT,length,CUSTJAMORGID,,,ICD-1.2,"{\"max\": 32}",2024-06-25T15:04:13.063Z,dq,2024-06-25T15:04:13.063Z,dq,,
199,4,TC_EQUIPMENT,complete,CUSTJAMORGID,,,ICD-1.2,,2024-06-25T15:04:13.063Z,dq,2024-06-25T15:04:13.063Z,dq,,
200,4,TC_EQUIPMENT,unique,CUSTJAMORGID,,,ICD-1.2,,2024-06-25T15:04:13.063Z,dq,2024-06-25T15:04:13.063Z,dq,,
201,4,TC_EQUIPMENT,length,CUSTODIANORGID,,,ICD-1.2,"{\"max\": 32}",2024-06-25T15:04:13.063Z,dq,2024-06-25T15:04:13.063Z,dq,,
202,4,TC_EQUIPMENT,complete,CUSTODIANORGID,,,ICD-1.2,,2024-06-25T15:04:13.063Z,dq,2024-06-25T15:04:13.063Z,dq,,
203,4,TC_EQUIPMENT,unique,CUSTODIANORGID,,,ICD-1.2,,2024-06-25T15:04:13.063Z,dq,2024-06-25T15:04:13.063Z,dq,,
195,4,TC_EQUIPMENT,length,CUSTODIANUIN,,,ICD-1.2,"{\"max\": 20}",2024-06-25T15:04:13.063Z,dq,2024-06-25T15:04:13.063Z,dq,,
196,4,TC_EQUIPMENT,complete,CUSTODIANUIN,,,ICD-1.2,,2024-06-25T15:04:13.063Z,dq,2024-06-25T15:04:13.063Z,dq,,
197,4,TC_EQUIPMENT,unique,CUSTODIANUIN,,,ICD-1.2,,2024-06-25T15:04:13.063Z,dq,2024-06-25T15:04:13.063Z,dq,,
192,4,TC_EQUIPMENT,length,CUSTODIANUNIT,,,ICD-1.2,"{\"max\": 100}",2024-06-25T15:04:13.063Z,dq,2024-06-25T15:04:13.063Z,dq,,
193,4,TC_EQUIPMENT,complete,CUSTODIANUNIT,,,ICD-1.2,,2024-06-25T15:04:13.063Z,dq,2024-06-25T15:04:13.063Z,dq,,
194,4,TC_EQUIPMENT,unique,CUSTODIANUNIT,,,ICD-1.2,,2024-06-25T15:04:13.063Z,dq,2024-06-25T15:04:13.063Z,dq,,
246,4,TC_EQUIPMENT,length,DELETEFLAG,,,ICD-1.2,"{\"max\": 1}",2024-06-25T15:04:13.064Z,dq,2024-06-25T15:04:13.064Z,dq,,
247,4,TC_EQUIPMENT,complete,DELETEFLAG,,,ICD-1.2,,2024-06-25T15:04:13.064Z,dq,2024-06-25T15:04:13.064Z,dq,,
248,4,TC_EQUIPMENT,unique,DELETEFLAG,,,ICD-1.2,,2024-06-25T15:04:13.064Z,dq,2024-06-25T15:04:13.064Z,dq,,
207,4,TC_EQUIPMENT,length,EQUIPMENTFAMILYGROUP,,,ICD-1.2,"{\"max\": 100}",2024-06-25T15:04:13.063Z,dq,2024-06-25T15:04:13.063Z,dq,,
208,4,TC_EQUIPMENT,complete,EQUIPMENTFAMILYGROUP,,,ICD-1.2,,2024-06-25T15:04:13.063Z,dq,2024-06-25T15:04:13.063Z,dq,,
209,4,TC_EQUIPMENT,unique,EQUIPMENTFAMILYGROUP,,,ICD-1.2,,2024-06-25T15:04:13.063Z,dq,2024-06-25T15:04:13.063Z,dq,,
204,4,TC_EQUIPMENT,length,EQUIPMENTSTATE,,,ICD-1.2,"{\"max\": 20}",2024-06-25T15:04:13.063Z,dq,2024-06-25T15:04:13.063Z,dq,,
205,4,TC_EQUIPMENT,complete,EQUIPMENTSTATE,,,ICD-1.2,,2024-06-25T15:04:13.063Z,dq,2024-06-25T15:04:13.063Z,dq,,
206,4,TC_EQUIPMENT,unique,EQUIPMENTSTATE,,,ICD-1.2,,2024-06-25T15:04:13.063Z,dq,2024-06-25T15:04:13.063Z,dq,,
168,4,TC_EQUIPMENT,length,ERM,,,ICD-1.2,"{\"max\": 30}",2024-06-25T15:04:13.063Z,dq,2024-06-25T15:04:13.063Z,dq,,
169,4,TC_EQUIPMENT,complete,ERM,,,ICD-1.2,,2024-06-25T15:04:13.063Z,dq,2024-06-25T15:04:13.063Z,dq,,
170,4,TC_EQUIPMENT,unique,ERM,,,ICD-1.2,,2024-06-25T15:04:13.063Z,dq,2024-06-25T15:04:13.063Z,dq,,
180,4,TC_EQUIPMENT,length,HOLDERNAME,,,ICD-1.2,"{\"max\": 100}",2024-06-25T15:04:13.063Z,dq,2024-06-25T15:04:13.063Z,dq,,
181,4,TC_EQUIPMENT,complete,HOLDERNAME,,,ICD-1.2,,2024-06-25T15:04:13.063Z,dq,2024-06-25T15:04:13.063Z,dq,,
182,4,TC_EQUIPMENT,unique,HOLDERNAME,,,ICD-1.2,,2024-06-25T15:04:13.063Z,dq,2024-06-25T15:04:13.063Z,dq,,
189,4,TC_EQUIPMENT,length,HOLDERORGID,,,ICD-1.2,"{\"max\": 32}",2024-06-25T15:04:13.063Z,dq,2024-06-25T15:04:13.063Z,dq,,
190,4,TC_EQUIPMENT,complete,HOLDERORGID,,,ICD-1.2,,2024-06-25T15:04:13.063Z,dq,2024-06-25T15:04:13.063Z,dq,,
191,4,TC_EQUIPMENT,unique,HOLDERORGID,,,ICD-1.2,,2024-06-25T15:04:13.063Z,dq,2024-06-25T15:04:13.063Z,dq,,
183,4,TC_EQUIPMENT,length,HOLDERUIN,,,ICD-1.2,"{\"max\": 20}",2024-06-25T15:04:13.063Z,dq,2024-06-25T15:04:13.063Z,dq,,
184,4,TC_EQUIPMENT,complete,HOLDERUIN,,,ICD-1.2,,2024-06-25T15:04:13.063Z,dq,2024-06-25T15:04:13.063Z,dq,,
185,4,TC_EQUIPMENT,unique,HOLDERUIN,,,ICD-1.2,,2024-06-25T15:04:13.063Z,dq,2024-06-25T15:04:13.063Z,dq,,
186,4,TC_EQUIPMENT,length,HOLDINGJAMORGID,,,ICD-1.2,"{\"max\": 32}",2024-06-25T15:04:13.063Z,dq,2024-06-25T15:04:13.063Z,dq,,
187,4,TC_EQUIPMENT,complete,HOLDINGJAMORGID,,,ICD-1.2,,2024-06-25T15:04:13.063Z,dq,2024-06-25T15:04:13.063Z,dq,,
188,4,TC_EQUIPMENT,unique,HOLDINGJAMORGID,,,ICD-1.2,,2024-06-25T15:04:13.063Z,dq,2024-06-25T15:04:13.063Z,dq,,
216,4,TC_EQUIPMENT,length,INUSEPLACEMENT,,,ICD-1.2,"{\"max\": 35}",2024-06-25T15:04:13.064Z,dq,2024-06-25T15:04:13.064Z,dq,,
217,4,TC_EQUIPMENT,complete,INUSEPLACEMENT,,,ICD-1.2,,2024-06-25T15:04:13.064Z,dq,2024-06-25T15:04:13.064Z,dq,,
218,4,TC_EQUIPMENT,unique,INUSEPLACEMENT,,,ICD-1.2,,2024-06-25T15:04:13.064Z,dq,2024-06-25T15:04:13.064Z,dq,,
222,4,TC_EQUIPMENT,length,MAINTENANCEGROUP,,,ICD-1.2,"{\"max\": 300}",2024-06-25T15:04:13.064Z,dq,2024-06-25T15:04:13.064Z,dq,,
223,4,TC_EQUIPMENT,complete,MAINTENANCEGROUP,,,ICD-1.2,,2024-06-25T15:04:13.064Z,dq,2024-06-25T15:04:13.064Z,dq,,
224,4,TC_EQUIPMENT,unique,MAINTENANCEGROUP,,,ICD-1.2,,2024-06-25T15:04:13.064Z,dq,2024-06-25T15:04:13.064Z,dq,,
177,4,TC_EQUIPMENT,length,MAXAUTHMASS,,,ICD-1.2,"{\"max\": 20}",2024-06-25T15:04:13.063Z,dq,2024-06-25T15:04:13.063Z,dq,,
178,4,TC_EQUIPMENT,complete,MAXAUTHMASS,,,ICD-1.2,,2024-06-25T15:04:13.063Z,dq,2024-06-25T15:04:13.063Z,dq,,
179,4,TC_EQUIPMENT,unique,MAXAUTHMASS,,,ICD-1.2,,2024-06-25T15:04:13.063Z,dq,2024-06-25T15:04:13.063Z,dq,,
165,4,TC_EQUIPMENT,length,NSN,,,ICD-1.2,"{\"max\": 20}",2024-06-25T15:04:13.063Z,dq,2024-06-25T15:04:13.063Z,dq,,
166,4,TC_EQUIPMENT,complete,NSN,,,ICD-1.2,,2024-06-25T15:04:13.063Z,dq,2024-06-25T15:04:13.063Z,dq,,
167,4,TC_EQUIPMENT,unique,NSN,,,ICD-1.2,,2024-06-25T15:04:13.063Z,dq,2024-06-25T15:04:13.063Z,dq,,
228,4,TC_EQUIPMENT,length,PARTTYPEID,,,ICD-1.2,"{\"max\": 32}",2024-06-25T15:04:13.064Z,dq,2024-06-25T15:04:13.064Z,dq,,
229,4,TC_EQUIPMENT,complete,PARTTYPEID,,,ICD-1.2,,2024-06-25T15:04:13.064Z,dq,2024-06-25T15:04:13.064Z,dq,,
230,4,TC_EQUIPMENT,unique,PARTTYPEID,,,ICD-1.2,,2024-06-25T15:04:13.064Z,dq,2024-06-25T15:04:13.064Z,dq,,
237,4,TC_EQUIPMENT,length,PLATFORMBCIP,,,ICD-1.2,"{\"max\": 332}",2024-06-25T15:04:13.064Z,dq,2024-06-25T15:04:13.064Z,dq,,
238,4,TC_EQUIPMENT,complete,PLATFORMBCIP,,,ICD-1.2,,2024-06-25T15:04:13.064Z,dq,2024-06-25T15:04:13.064Z,dq,,
239,4,TC_EQUIPMENT,unique,PLATFORMBCIP,,,ICD-1.2,,2024-06-25T15:04:13.064Z,dq,2024-06-25T15:04:13.064Z,dq,,
234,4,TC_EQUIPMENT,length,PLATFORMBCIPBASELINE,,,ICD-1.2,"{\"max\": 332}",2024-06-25T15:04:13.064Z,dq,2024-06-25T15:04:13.064Z,dq,,
235,4,TC_EQUIPMENT,complete,PLATFORMBCIPBASELINE,,,ICD-1.2,,2024-06-25T15:04:13.064Z,dq,2024-06-25T15:04:13.064Z,dq,,
236,4,TC_EQUIPMENT,unique,PLATFORMBCIPBASELINE,,,ICD-1.2,,2024-06-25T15:04:13.064Z,dq,2024-06-25T15:04:13.064Z,dq,,
219,4,TC_EQUIPMENT,length,READINESSLEVEL,,,ICD-1.2,"{\"max\": 4000}",2024-06-25T15:04:13.064Z,dq,2024-06-25T15:04:13.064Z,dq,,
220,4,TC_EQUIPMENT,complete,READINESSLEVEL,,,ICD-1.2,,2024-06-25T15:04:13.064Z,dq,2024-06-25T15:04:13.064Z,dq,,
221,4,TC_EQUIPMENT,unique,READINESSLEVEL,,,ICD-1.2,,2024-06-25T15:04:13.064Z,dq,2024-06-25T15:04:13.064Z,dq,,
174,4,TC_EQUIPMENT,length,SERIALNUMBER,,,ICD-1.2,"{\"max\": 35}",2024-06-25T15:04:13.063Z,dq,2024-06-25T15:04:13.063Z,dq,,
175,4,TC_EQUIPMENT,complete,SERIALNUMBER,,,ICD-1.2,,2024-06-25T15:04:13.063Z,dq,2024-06-25T15:04:13.063Z,dq,,
176,4,TC_EQUIPMENT,unique,SERIALNUMBER,,,ICD-1.2,,2024-06-25T15:04:13.063Z,dq,2024-06-25T15:04:13.063Z,dq,,
159,4,TC_EQUIPMENT,length,STATE,,,ICD-1.2,"{\"max\": 100}",2024-06-25T15:04:13.063Z,dq,2024-06-25T15:04:13.063Z,dq,,
160,4,TC_EQUIPMENT,complete,STATE,,,ICD-1.2,,2024-06-25T15:04:13.063Z,dq,2024-06-25T15:04:13.063Z,dq,,
161,4,TC_EQUIPMENT,unique,STATE,,,ICD-1.2,,2024-06-25T15:04:13.063Z,dq,2024-06-25T15:04:13.063Z,dq,,
240,4,TC_EQUIPMENT,length,STORAGEAREA,,,ICD-1.2,"{\"max\": 50}",2024-06-25T15:04:13.064Z,dq,2024-06-25T15:04:13.064Z,dq,,
241,4,TC_EQUIPMENT,complete,STORAGEAREA,,,ICD-1.2,,2024-06-25T15:04:13.064Z,dq,2024-06-25T15:04:13.064Z,dq,,
242,4,TC_EQUIPMENT,unique,STORAGEAREA,,,ICD-1.2,,2024-06-25T15:04:13.064Z,dq,2024-06-25T15:04:13.064Z,dq,,
243,4,TC_EQUIPMENT,length,STORAGELOCATION,,,ICD-1.2,"{\"max\": 13}",2024-06-25T15:04:13.064Z,dq,2024-06-25T15:04:13.064Z,dq,,
244,4,TC_EQUIPMENT,complete,STORAGELOCATION,,,ICD-1.2,,2024-06-25T15:04:13.064Z,dq,2024-06-25T15:04:13.064Z,dq,,
245,4,TC_EQUIPMENT,unique,STORAGELOCATION,,,ICD-1.2,,2024-06-25T15:04:13.064Z,dq,2024-06-25T15:04:13.064Z,dq,,
231,4,TC_EQUIPMENT,length,USAGECOUNTERTYPE,,,ICD-1.2,"{\"max\": 30}",2024-06-25T15:04:13.064Z,dq,2024-06-25T15:04:13.064Z,dq,,
232,4,TC_EQUIPMENT,complete,USAGECOUNTERTYPE,,,ICD-1.2,,2024-06-25T15:04:13.064Z,dq,2024-06-25T15:04:13.064Z,dq,,
233,4,TC_EQUIPMENT,unique,USAGECOUNTERTYPE,,,ICD-1.2,,2024-06-25T15:04:13.064Z,dq,2024-06-25T15:04:13.064Z,dq,,
162,4,TC_EQUIPMENT,length,USAGECOUNTERUNIT,,,ICD-1.2,"{\"max\": 50}",2024-06-25T15:04:13.063Z,dq,2024-06-25T15:04:13.063Z,dq,,
163,4,TC_EQUIPMENT,complete,USAGECOUNTERUNIT,,,ICD-1.2,,2024-06-25T15:04:13.063Z,dq,2024-06-25T15:04:13.063Z,dq,,
164,4,TC_EQUIPMENT,unique,USAGECOUNTERUNIT,,,ICD-1.2,,2024-06-25T15:04:13.063Z,dq,2024-06-25T15:04:13.063Z,dq,,
702,4,TC_MAINT_ASOC,length,ESTWORKOBJECTREPAIRTIME,,,ADW-ICD-1.8,"{\"max\": 22}",2024-06-25T13:29:24.073Z,dq,2024-06-25T13:29:24.073Z,dq,,
703,4,TC_MAINT_ASOC,complete,MAINTENANCEGROUP,,,ADW-ICD-1.8,,2024-06-25T13:29:24.073Z,dq,2024-06-25T13:29:24.073Z,dq,,
704,4,TC_MAINT_ASOC,length,MAINTINTERVAL,,,ADW-ICD-1.8,"{\"max\": 22}",2024-06-25T13:29:24.073Z,dq,2024-06-25T13:29:24.073Z,dq,,
705,4,TC_MAINT_ASOC,complete,NAME,,,ADW-ICD-1.8,,2024-06-25T13:29:24.073Z,dq,2024-06-25T13:29:24.073Z,dq,,
706,4,TC_MAINT_ASOC,complete,NSN,,,ADW-ICD-1.8,,2024-06-25T13:29:24.073Z,dq,2024-06-25T13:29:24.073Z,dq,,
707,4,TC_MAINT_ASOC,unique,PARTTYPEID,,,ADW-ICD-1.8,,2024-06-25T13:29:24.073Z,dq,2024-06-25T13:29:24.073Z,dq,,
708,4,TC_MAINT_ASOC,complete,PARTTYPEID,,,ADW-ICD-1.8,,2024-06-25T13:29:24.073Z,dq,2024-06-25T13:29:24.073Z,dq,,
709,4,TC_MAINT_ASOC,complete,REPAIRLEVEL,,,ADW-ICD-1.8,,2024-06-25T13:29:24.073Z,dq,2024-06-25T13:29:24.073Z,dq,,
710,4,TC_MAINT_ASOC,unique,RULEID,,,ADW-ICD-1.8,,2024-06-25T13:29:24.073Z,dq,2024-06-25T13:29:24.073Z,dq,,
711,4,TC_MAINT_ASOC,complete,RULEID,,,ADW-ICD-1.8,,2024-06-25T13:29:24.073Z,dq,2024-06-25T13:29:24.073Z,dq,,
712,4,TC_MAINT_ASOC,unique,TEMPLATEID,,,ADW-ICD-1.8,,2024-06-25T13:29:24.073Z,dq,2024-06-25T13:29:24.073Z,dq,,
713,4,TC_MAINT_ASOC,complete,TEMPLATEID,,,ADW-ICD-1.8,,2024-06-25T13:29:24.073Z,dq,2024-06-25T13:29:24.073Z,dq,,
714,4,TC_MAINT_ASOC,complete,TRIGTYPE,,,ADW-ICD-1.8,,2024-06-25T13:29:24.073Z,dq,2024-06-25T13:29:24.073Z,dq,,
276,4,TC_MAINT_ASSOC,length,COUNTER,,,ICD-1.2,"{\"max\": 30}",2024-06-25T15:04:13.065Z,dq,2024-06-25T15:04:13.065Z,dq,,
277,4,TC_MAINT_ASSOC,complete,COUNTER,,,ICD-1.2,,2024-06-25T15:04:13.065Z,dq,2024-06-25T15:04:13.065Z,dq,,
278,4,TC_MAINT_ASSOC,unique,COUNTER,,,ICD-1.2,,2024-06-25T15:04:13.065Z,dq,2024-06-25T15:04:13.065Z,dq,,
285,4,TC_MAINT_ASSOC,length,DELETEFLAG,,,ICD-1.2,"{\"max\": 1}",2024-06-25T15:04:13.065Z,dq,2024-06-25T15:04:13.065Z,dq,,
286,4,TC_MAINT_ASSOC,complete,DELETEFLAG,,,ICD-1.2,,2024-06-25T15:04:13.065Z,dq,2024-06-25T15:04:13.065Z,dq,,
287,4,TC_MAINT_ASSOC,unique,DELETEFLAG,,,ICD-1.2,,2024-06-25T15:04:13.065Z,dq,2024-06-25T15:04:13.065Z,dq,,
282,4,TC_MAINT_ASSOC,length,EVENTTYPE,,,ICD-1.2,"{\"max\": 500}",2024-06-25T15:04:13.065Z,dq,2024-06-25T15:04:13.065Z,dq,,
283,4,TC_MAINT_ASSOC,complete,EVENTTYPE,,,ICD-1.2,,2024-06-25T15:04:13.065Z,dq,2024-06-25T15:04:13.065Z,dq,,
284,4,TC_MAINT_ASSOC,unique,EVENTTYPE,,,ICD-1.2,,2024-06-25T15:04:13.065Z,dq,2024-06-25T15:04:13.065Z,dq,,
267,4,TC_MAINT_ASSOC,length,MAINTENANCEGROUP,,,ICD-1.2,"{\"max\": 30}",2024-06-25T15:04:13.064Z,dq,2024-06-25T15:04:13.064Z,dq,,
268,4,TC_MAINT_ASSOC,complete,MAINTENANCEGROUP,,,ICD-1.2,,2024-06-25T15:04:13.064Z,dq,2024-06-25T15:04:13.064Z,dq,,
269,4,TC_MAINT_ASSOC,unique,MAINTENANCEGROUP,,,ICD-1.2,,2024-06-25T15:04:13.064Z,dq,2024-06-25T15:04:13.064Z,dq,,
279,4,TC_MAINT_ASSOC,length,MAINTENANCESENTENCE,,,ICD-1.2,"{\"max\": 2000}",2024-06-25T15:04:13.065Z,dq,2024-06-25T15:04:13.065Z,dq,,
280,4,TC_MAINT_ASSOC,complete,MAINTENANCESENTENCE,,,ICD-1.2,,2024-06-25T15:04:13.065Z,dq,2024-06-25T15:04:13.065Z,dq,,
281,4,TC_MAINT_ASSOC,unique,MAINTENANCESENTENCE,,,ICD-1.2,,2024-06-25T15:04:13.065Z,dq,2024-06-25T15:04:13.065Z,dq,,
264,4,TC_MAINT_ASSOC,length,NAME,,,ICD-1.2,"{\"max\": 150}",2024-06-25T15:04:13.064Z,dq,2024-06-25T15:04:13.064Z,dq,,
265,4,TC_MAINT_ASSOC,complete,NAME,,,ICD-1.2,,2024-06-25T15:04:13.064Z,dq,2024-06-25T15:04:13.064Z,dq,,
266,4,TC_MAINT_ASSOC,unique,NAME,,,ICD-1.2,,2024-06-25T15:04:13.064Z,dq,2024-06-25T15:04:13.064Z,dq,,
261,4,TC_MAINT_ASSOC,length,NSN,,,ICD-1.2,"{\"max\": 50}",2024-06-25T15:04:13.064Z,dq,2024-06-25T15:04:13.064Z,dq,,
262,4,TC_MAINT_ASSOC,complete,NSN,,,ICD-1.2,,2024-06-25T15:04:13.064Z,dq,2024-06-25T15:04:13.064Z,dq,,
263,4,TC_MAINT_ASSOC,unique,NSN,,,ICD-1.2,,2024-06-25T15:04:13.064Z,dq,2024-06-25T15:04:13.064Z,dq,,
252,4,TC_MAINT_ASSOC,length,PARTTYPEID,,,ICD-1.2,"{\"max\": 32}",2024-06-25T15:04:13.064Z,dq,2024-06-25T15:04:13.064Z,dq,,
253,4,TC_MAINT_ASSOC,complete,PARTTYPEID,,,ICD-1.2,,2024-06-25T15:04:13.064Z,dq,2024-06-25T15:04:13.064Z,dq,,
254,4,TC_MAINT_ASSOC,unique,PARTTYPEID,,,ICD-1.2,,2024-06-25T15:04:13.064Z,dq,2024-06-25T15:04:13.064Z,dq,,
270,4,TC_MAINT_ASSOC,length,REPAIRLEVEL,,,ICD-1.2,"{\"max\": 500}",2024-06-25T15:04:13.064Z,dq,2024-06-25T15:04:13.064Z,dq,,
271,4,TC_MAINT_ASSOC,complete,REPAIRLEVEL,,,ICD-1.2,,2024-06-25T15:04:13.064Z,dq,2024-06-25T15:04:13.064Z,dq,,
272,4,TC_MAINT_ASSOC,unique,REPAIRLEVEL,,,ICD-1.2,,2024-06-25T15:04:13.064Z,dq,2024-06-25T15:04:13.064Z,dq,,
255,4,TC_MAINT_ASSOC,length,RULEID,,,ICD-1.2,"{\"max\": 32}",2024-06-25T15:04:13.064Z,dq,2024-06-25T15:04:13.064Z,dq,,
256,4,TC_MAINT_ASSOC,complete,RULEID,,,ICD-1.2,,2024-06-25T15:04:13.064Z,dq,2024-06-25T15:04:13.064Z,dq,,
257,4,TC_MAINT_ASSOC,unique,RULEID,,,ICD-1.2,,2024-06-25T15:04:13.064Z,dq,2024-06-25T15:04:13.064Z,dq,,
258,4,TC_MAINT_ASSOC,length,TEMPLATEID,,,ICD-1.2,"{\"max\": 32}",2024-06-25T15:04:13.064Z,dq,2024-06-25T15:04:13.064Z,dq,,
259,4,TC_MAINT_ASSOC,complete,TEMPLATEID,,,ICD-1.2,,2024-06-25T15:04:13.064Z,dq,2024-06-25T15:04:13.064Z,dq,,
260,4,TC_MAINT_ASSOC,unique,TEMPLATEID,,,ICD-1.2,,2024-06-25T15:04:13.064Z,dq,2024-06-25T15:04:13.064Z,dq,,
273,4,TC_MAINT_ASSOC,length,TRIGTYPE,,,ICD-1.2,"{\"max\": 500}",2024-06-25T15:04:13.064Z,dq,2024-06-25T15:04:13.064Z,dq,,
274,4,TC_MAINT_ASSOC,complete,TRIGTYPE,,,ICD-1.2,,2024-06-25T15:04:13.064Z,dq,2024-06-25T15:04:13.064Z,dq,,
275,4,TC_MAINT_ASSOC,unique,TRIGTYPE,,,ICD-1.2,,2024-06-25T15:04:13.064Z,dq,2024-06-25T15:04:13.064Z,dq,,
291,4,TC_MAINT_ENV_HIST,length,ASSETID,,,ICD-1.2,"{\"max\": 32}",2024-06-25T15:04:13.065Z,dq,2024-06-25T15:04:13.065Z,dq,,
292,4,TC_MAINT_ENV_HIST,complete,ASSETID,,,ICD-1.2,,2024-06-25T15:04:13.065Z,dq,2024-06-25T15:04:13.065Z,dq,,
293,4,TC_MAINT_ENV_HIST,unique,ASSETID,,,ICD-1.2,,2024-06-25T15:04:13.065Z,dq,2024-06-25T15:04:13.065Z,dq,,
297,4,TC_MAINT_ENV_HIST,length,DELETEFLAG,,,ICD-1.2,"{\"max\": 1}",2024-06-25T15:04:13.065Z,dq,2024-06-25T15:04:13.065Z,dq,,
298,4,TC_MAINT_ENV_HIST,complete,DELETEFLAG,,,ICD-1.2,,2024-06-25T15:04:13.065Z,dq,2024-06-25T15:04:13.065Z,dq,,
299,4,TC_MAINT_ENV_HIST,unique,DELETEFLAG,,,ICD-1.2,,2024-06-25T15:04:13.065Z,dq,2024-06-25T15:04:13.065Z,dq,,
288,4,TC_MAINT_ENV_HIST,length,ENVHISTID,,,ICD-1.2,"{\"max\": 32}",2024-06-25T15:04:13.065Z,dq,2024-06-25T15:04:13.065Z,dq,,
289,4,TC_MAINT_ENV_HIST,complete,ENVHISTID,,,ICD-1.2,,2024-06-25T15:04:13.065Z,dq,2024-06-25T15:04:13.065Z,dq,,
290,4,TC_MAINT_ENV_HIST,unique,ENVHISTID,,,ICD-1.2,,2024-06-25T15:04:13.065Z,dq,2024-06-25T15:04:13.065Z,dq,,
294,4,TC_MAINT_ENV_HIST,length,MAINTENVIRONMENTNAME,,,ICD-1.2,"{\"max\": 30}",2024-06-25T15:04:13.065Z,dq,2024-06-25T15:04:13.065Z,dq,,
295,4,TC_MAINT_ENV_HIST,complete,MAINTENVIRONMENTNAME,,,ICD-1.2,,2024-06-25T15:04:13.065Z,dq,2024-06-25T15:04:13.065Z,dq,,
296,4,TC_MAINT_ENV_HIST,unique,MAINTENVIRONMENTNAME,,,ICD-1.2,,2024-06-25T15:04:13.065Z,dq,2024-06-25T15:04:13.065Z,dq,,
715,4,TC_MAINT_ENV_HISTORY,complete,ASSETID,,,ADW-ICD-1.8,,2024-06-25T13:29:24.073Z,dq,2024-06-25T13:29:24.073Z,dq,,
716,4,TC_MAINT_ENV_HISTORY,unique,ENVHISTID,,,ADW-ICD-1.8,,2024-06-25T13:29:24.073Z,dq,2024-06-25T13:29:24.073Z,dq,,
717,4,TC_MAINT_ENV_HISTORY,complete,ENVHISTID,,,ADW-ICD-1.8,,2024-06-25T13:29:24.073Z,dq,2024-06-25T13:29:24.073Z,dq,,
718,4,TC_MAINT_ENV_HISTORY,complete,MAINTENVIRONMENTNAME,,,ADW-ICD-1.8,,2024-06-25T13:29:24.073Z,dq,2024-06-25T13:29:24.073Z,dq,,
719,4,TC_MAINT_HISTORY,length,ASSETID,,,ADW-ICD-1.8,"{\"max\": 32}",2024-06-25T13:29:24.073Z,dq,2024-06-25T13:29:24.073Z,dq,,
303,4,TC_MAINT_HISTORY,length,ASSETID,,,ICD-1.2,"{\"max\": 50}",2024-06-25T15:04:13.065Z,dq,2024-06-25T15:04:13.065Z,dq,,
304,4,TC_MAINT_HISTORY,complete,ASSETID,,,ICD-1.2,,2024-06-25T15:04:13.065Z,dq,2024-06-25T15:04:13.065Z,dq,,
305,4,TC_MAINT_HISTORY,unique,ASSETID,,,ICD-1.2,,2024-06-25T15:04:13.065Z,dq,2024-06-25T15:04:13.065Z,dq,,
720,4,TC_MAINT_HISTORY,length,CUMULATIVEATCLOSED,,,ADW-ICD-1.8,"{\"max\": 22}",2024-06-25T13:29:24.073Z,dq,2024-06-25T13:29:24.073Z,dq,,
721,4,TC_MAINT_HISTORY,length,CURRENTUSAGEATCLOSE,,,ADW-ICD-1.8,"{\"max\": 22}",2024-06-25T13:29:24.074Z,dq,2024-06-25T13:29:24.074Z,dq,,
318,4,TC_MAINT_HISTORY,length,DELETEFLAG,,,ICD-1.2,"{\"max\": 1}",2024-06-25T15:04:13.065Z,dq,2024-06-25T15:04:13.065Z,dq,,
319,4,TC_MAINT_HISTORY,complete,DELETEFLAG,,,ICD-1.2,,2024-06-25T15:04:13.065Z,dq,2024-06-25T15:04:13.065Z,dq,,
320,4,TC_MAINT_HISTORY,unique,DELETEFLAG,,,ICD-1.2,,2024-06-25T15:04:13.065Z,dq,2024-06-25T15:04:13.065Z,dq,,
722,4,TC_MAINT_HISTORY,length,MAINTENANCESTATUS,,,ADW-ICD-1.8,"{\"max\": 500}",2024-06-25T13:29:24.074Z,dq,2024-06-25T13:29:24.074Z,dq,,
312,4,TC_MAINT_HISTORY,length,MAINTENANCESTATUS,,,ICD-1.2,"{\"max\": 50}",2024-06-25T15:04:13.065Z,dq,2024-06-25T15:04:13.065Z,dq,,
313,4,TC_MAINT_HISTORY,complete,MAINTENANCESTATUS,,,ICD-1.2,,2024-06-25T15:04:13.065Z,dq,2024-06-25T15:04:13.065Z,dq,,
314,4,TC_MAINT_HISTORY,unique,MAINTENANCESTATUS,,,ICD-1.2,,2024-06-25T15:04:13.065Z,dq,2024-06-25T15:04:13.065Z,dq,,
723,4,TC_MAINT_HISTORY,length,MAINTENVIRONMENTNAME,,,ADW-ICD-1.8,"{\"max\": 30}",2024-06-25T13:29:24.074Z,dq,2024-06-25T13:29:24.074Z,dq,,
306,4,TC_MAINT_HISTORY,length,MAINTENVIRONMENTNAME,,,ICD-1.2,"{\"max\": 50}",2024-06-25T15:04:13.065Z,dq,2024-06-25T15:04:13.065Z,dq,,
307,4,TC_MAINT_HISTORY,complete,MAINTENVIRONMENTNAME,,,ICD-1.2,,2024-06-25T15:04:13.065Z,dq,2024-06-25T15:04:13.065Z,dq,,
308,4,TC_MAINT_HISTORY,unique,MAINTENVIRONMENTNAME,,,ICD-1.2,,2024-06-25T15:04:13.065Z,dq,2024-06-25T15:04:13.065Z,dq,,
724,4,TC_MAINT_HISTORY,length,MAINTHISTORYID,,,ADW-ICD-1.8,"{\"max\": 32}",2024-06-25T13:29:24.074Z,dq,2024-06-25T13:29:24.074Z,dq,,
321,4,TC_MAINT_HISTORY,length,MAINTHISTORYID,,,ICD-1.2,"{\"max\": 100}",2024-06-25T15:04:13.065Z,dq,2024-06-25T15:04:13.065Z,dq,,
322,4,TC_MAINT_HISTORY,complete,MAINTHISTORYID,,,ICD-1.2,,2024-06-25T15:04:13.065Z,dq,2024-06-25T15:04:13.065Z,dq,,
323,4,TC_MAINT_HISTORY,unique,MAINTHISTORYID,,,ICD-1.2,,2024-06-25T15:04:13.065Z,dq,2024-06-25T15:04:13.065Z,dq,,
725,4,TC_MAINT_HISTORY,length,MAINTTEMPLATEID,,,ADW-ICD-1.8,"{\"max\": 32}",2024-06-25T13:29:24.074Z,dq,2024-06-25T13:29:24.074Z,dq,,
309,4,TC_MAINT_HISTORY,length,MAINTTEMPLATEID,,,ICD-1.2,"{\"max\": 50}",2024-06-25T15:04:13.065Z,dq,2024-06-25T15:04:13.065Z,dq,,
310,4,TC_MAINT_HISTORY,complete,MAINTTEMPLATEID,,,ICD-1.2,,2024-06-25T15:04:13.065Z,dq,2024-06-25T15:04:13.065Z,dq,,
311,4,TC_MAINT_HISTORY,unique,MAINTTEMPLATEID,,,ICD-1.2,,2024-06-25T15:04:13.065Z,dq,2024-06-25T15:04:13.065Z,dq,,
726,4,TC_MAINT_HISTORY,length,MAINTUSAGEID,,,ADW-ICD-1.8,"{\"max\": 32}",2024-06-25T13:29:24.074Z,dq,2024-06-25T13:29:24.074Z,dq,,
324,4,TC_MAINT_HISTORY,length,MAINTUSAGEID,,,ICD-1.2,"{\"max\": 100}",2024-06-25T15:04:13.065Z,dq,2024-06-25T15:04:13.065Z,dq,,
325,4,TC_MAINT_HISTORY,complete,MAINTUSAGEID,,,ICD-1.2,,2024-06-25T15:04:13.065Z,dq,2024-06-25T15:04:13.065Z,dq,,
326,4,TC_MAINT_HISTORY,unique,MAINTUSAGEID,,,ICD-1.2,,2024-06-25T15:04:13.065Z,dq,2024-06-25T15:04:13.065Z,dq,,
315,4,TC_MAINT_HISTORY,length,OPERPARAMDISPLAYID,,,ICD-1.2,"{\"max\": 30}",2024-06-25T15:04:13.065Z,dq,2024-06-25T15:04:13.065Z,dq,,
316,4,TC_MAINT_HISTORY,complete,OPERPARAMDISPLAYID,,,ICD-1.2,,2024-06-25T15:04:13.065Z,dq,2024-06-25T15:04:13.065Z,dq,,
317,4,TC_MAINT_HISTORY,unique,OPERPARAMDISPLAYID,,,ICD-1.2,,2024-06-25T15:04:13.065Z,dq,2024-06-25T15:04:13.065Z,dq,,
300,4,TC_MAINT_HISTORY,length,REPAIRACTIONID,,,ICD-1.2,"{\"max\": 50}",2024-06-25T15:04:13.065Z,dq,2024-06-25T15:04:13.065Z,dq,,
301,4,TC_MAINT_HISTORY,complete,REPAIRACTIONID,,,ICD-1.2,,2024-06-25T15:04:13.065Z,dq,2024-06-25T15:04:13.065Z,dq,,
302,4,TC_MAINT_HISTORY,unique,REPAIRACTIONID,,,ICD-1.2,,2024-06-25T15:04:13.065Z,dq,2024-06-25T15:04:13.065Z,dq,,
342,4,TC_MOD_CODES,length,ASEPNUMBERSPECIFIC,,,ICD-1.2,"{\"max\": 15}",2024-06-25T15:04:13.066Z,dq,2024-06-25T15:04:13.066Z,dq,,
343,4,TC_MOD_CODES,complete,ASEPNUMBERSPECIFIC,,,ICD-1.2,,2024-06-25T15:04:13.066Z,dq,2024-06-25T15:04:13.066Z,dq,,
344,4,TC_MOD_CODES,unique,ASEPNUMBERSPECIFIC,,,ICD-1.2,,2024-06-25T15:04:13.066Z,dq,2024-06-25T15:04:13.066Z,dq,,
729,4,TC_MOD_CODES,complete,ASSETID,,,ADW-ICD-1.8,,2024-06-25T13:29:24.074Z,dq,2024-06-25T13:29:24.074Z,dq,,
348,4,TC_MOD_CODES,length,DELETEFLAG,,,ICD-1.2,"{\"max\": 1}",2024-06-25T15:04:13.066Z,dq,2024-06-25T15:04:13.066Z,dq,,
349,4,TC_MOD_CODES,complete,DELETEFLAG,,,ICD-1.2,,2024-06-25T15:04:13.066Z,dq,2024-06-25T15:04:13.066Z,dq,,
350,4,TC_MOD_CODES,unique,DELETEFLAG,,,ICD-1.2,,2024-06-25T15:04:13.066Z,dq,2024-06-25T15:04:13.066Z,dq,,
336,4,TC_MOD_CODES,length,MODCODE,,,ICD-1.2,"{\"max\": 40}",2024-06-25T15:04:13.066Z,dq,2024-06-25T15:04:13.066Z,dq,,
337,4,TC_MOD_CODES,complete,MODCODE,,,ICD-1.2,,2024-06-25T15:04:13.066Z,dq,2024-06-25T15:04:13.066Z,dq,,
338,4,TC_MOD_CODES,unique,MODCODE,,,ICD-1.2,,2024-06-25T15:04:13.066Z,dq,2024-06-25T15:04:13.066Z,dq,,
339,4,TC_MOD_CODES,length,MODDESC,,,ICD-1.2,"{\"max\": 4000}",2024-06-25T15:04:13.066Z,dq,2024-06-25T15:04:13.066Z,dq,,
340,4,TC_MOD_CODES,complete,MODDESC,,,ICD-1.2,,2024-06-25T15:04:13.066Z,dq,2024-06-25T15:04:13.066Z,dq,,
341,4,TC_MOD_CODES,unique,MODDESC,,,ICD-1.2,,2024-06-25T15:04:13.066Z,dq,2024-06-25T15:04:13.066Z,dq,,
345,4,TC_MOD_CODES,length,MODFAULTSTATE,,,ICD-1.2,"{\"max\": 2000}",2024-06-25T15:04:13.066Z,dq,2024-06-25T15:04:13.066Z,dq,,
346,4,TC_MOD_CODES,complete,MODFAULTSTATE,,,ICD-1.2,,2024-06-25T15:04:13.066Z,dq,2024-06-25T15:04:13.066Z,dq,,
347,4,TC_MOD_CODES,unique,MODFAULTSTATE,,,ICD-1.2,,2024-06-25T15:04:13.066Z,dq,2024-06-25T15:04:13.066Z,dq,,
327,4,TC_MOD_CODES,length,MODID,,,ICD-1.2,"{\"max\": 32}",2024-06-25T15:04:13.065Z,dq,2024-06-25T15:04:13.065Z,dq,,
328,4,TC_MOD_CODES,complete,MODID,,,ICD-1.2,,2024-06-25T15:04:13.065Z,dq,2024-06-25T15:04:13.065Z,dq,,
329,4,TC_MOD_CODES,unique,MODID,,,ICD-1.2,,2024-06-25T15:04:13.065Z,dq,2024-06-25T15:04:13.065Z,dq,,
333,4,TC_MOD_CODES,length,NSN,,,ICD-1.2,"{\"max\": 50}",2024-06-25T15:04:13.066Z,dq,2024-06-25T15:04:13.066Z,dq,,
334,4,TC_MOD_CODES,complete,NSN,,,ICD-1.2,,2024-06-25T15:04:13.066Z,dq,2024-06-25T15:04:13.066Z,dq,,
335,4,TC_MOD_CODES,unique,NSN,,,ICD-1.2,,2024-06-25T15:04:13.066Z,dq,2024-06-25T15:04:13.066Z,dq,,
330,4,TC_MOD_CODES,length,PARTTYPEID,,,ICD-1.2,"{\"max\": 32}",2024-06-25T15:04:13.065Z,dq,2024-06-25T15:04:13.065Z,dq,,
331,4,TC_MOD_CODES,complete,PARTTYPEID,,,ICD-1.2,,2024-06-25T15:04:13.065Z,dq,2024-06-25T15:04:13.065Z,dq,,
332,4,TC_MOD_CODES,unique,PARTTYPEID,,,ICD-1.2,,2024-06-25T15:04:13.065Z,dq,2024-06-25T15:04:13.065Z,dq,,
354,4,TC_MRO_FAULT,length,ASSETID,,,ICD-1.2,"{\"max\": 32}",2024-06-25T15:04:13.066Z,dq,2024-06-25T15:04:13.066Z,dq,,
355,4,TC_MRO_FAULT,complete,ASSETID,,,ICD-1.2,,2024-06-25T15:04:13.066Z,dq,2024-06-25T15:04:13.066Z,dq,,
356,4,TC_MRO_FAULT,unique,ASSETID,,,ICD-1.2,,2024-06-25T15:04:13.066Z,dq,2024-06-25T15:04:13.066Z,dq,,
372,4,TC_MRO_FAULT,length,COMMENTS,,,ICD-1.2,"{\"max\": 3000}",2024-06-25T15:04:13.066Z,dq,2024-06-25T15:04:13.066Z,dq,,
373,4,TC_MRO_FAULT,complete,COMMENTS,,,ICD-1.2,,2024-06-25T15:04:13.066Z,dq,2024-06-25T15:04:13.066Z,dq,,
374,4,TC_MRO_FAULT,unique,COMMENTS,,,ICD-1.2,,2024-06-25T15:04:13.066Z,dq,2024-06-25T15:04:13.066Z,dq,,
411,4,TC_MRO_FAULT,length,DELETEFLAG,,,ICD-1.2,"{\"max\": 1}",2024-06-25T15:04:13.067Z,dq,2024-06-25T15:04:13.067Z,dq,,
412,4,TC_MRO_FAULT,complete,DELETEFLAG,,,ICD-1.2,,2024-06-25T15:04:13.067Z,dq,2024-06-25T15:04:13.067Z,dq,,
413,4,TC_MRO_FAULT,unique,DELETEFLAG,,,ICD-1.2,,2024-06-25T15:04:13.067Z,dq,2024-06-25T15:04:13.067Z,dq,,
384,4,TC_MRO_FAULT,length,FAULTACTUALREPORTEDBY,,,ICD-1.2,"{\"max\": 75}",2024-06-25T15:04:13.066Z,dq,2024-06-25T15:04:13.066Z,dq,,
385,4,TC_MRO_FAULT,complete,FAULTACTUALREPORTEDBY,,,ICD-1.2,,2024-06-25T15:04:13.066Z,dq,2024-06-25T15:04:13.066Z,dq,,
386,4,TC_MRO_FAULT,unique,FAULTACTUALREPORTEDBY,,,ICD-1.2,,2024-06-25T15:04:13.066Z,dq,2024-06-25T15:04:13.066Z,dq,,
396,4,TC_MRO_FAULT,length,FAULTCLOSEDBYNAME,,,ICD-1.2,"{\"max\": 75}",2024-06-25T15:04:13.066Z,dq,2024-06-25T15:04:13.066Z,dq,,
397,4,TC_MRO_FAULT,complete,FAULTCLOSEDBYNAME,,,ICD-1.2,,2024-06-25T15:04:13.066Z,dq,2024-06-25T15:04:13.066Z,dq,,
398,4,TC_MRO_FAULT,unique,FAULTCLOSEDBYNAME,,,ICD-1.2,,2024-06-25T15:04:13.066Z,dq,2024-06-25T15:04:13.066Z,dq,,
402,4,TC_MRO_FAULT,length,FAULTCLOSEDBYRANK,,,ICD-1.2,"{\"max\": 1000}",2024-06-25T15:04:13.067Z,dq,2024-06-25T15:04:13.067Z,dq,,
403,4,TC_MRO_FAULT,complete,FAULTCLOSEDBYRANK,,,ICD-1.2,,2024-06-25T15:04:13.067Z,dq,2024-06-25T15:04:13.067Z,dq,,
404,4,TC_MRO_FAULT,unique,FAULTCLOSEDBYRANK,,,ICD-1.2,,2024-06-25T15:04:13.067Z,dq,2024-06-25T15:04:13.067Z,dq,,
399,4,TC_MRO_FAULT,length,FAULTCLOSEDBYSERVICE,,,ICD-1.2,"{\"max\": 11}",2024-06-25T15:04:13.066Z,dq,2024-06-25T15:04:13.066Z,dq,,
400,4,TC_MRO_FAULT,complete,FAULTCLOSEDBYSERVICE,,,ICD-1.2,,2024-06-25T15:04:13.066Z,dq,2024-06-25T15:04:13.066Z,dq,,
401,4,TC_MRO_FAULT,unique,FAULTCLOSEDBYSERVICE,,,ICD-1.2,,2024-06-25T15:04:13.066Z,dq,2024-06-25T15:04:13.066Z,dq,,
405,4,TC_MRO_FAULT,length,FAULTCLOSEDBYTRADE,,,ICD-1.2,"{\"max\": 20}",2024-06-25T15:04:13.067Z,dq,2024-06-25T15:04:13.067Z,dq,,
406,4,TC_MRO_FAULT,complete,FAULTCLOSEDBYTRADE,,,ICD-1.2,,2024-06-25T15:04:13.067Z,dq,2024-06-25T15:04:13.067Z,dq,,
407,4,TC_MRO_FAULT,unique,FAULTCLOSEDBYTRADE,,,ICD-1.2,,2024-06-25T15:04:13.067Z,dq,2024-06-25T15:04:13.067Z,dq,,
363,4,TC_MRO_FAULT,length,FAULTDESCRIPTION,,,ICD-1.2,"{\"max\": 4000}",2024-06-25T15:04:13.066Z,dq,2024-06-25T15:04:13.066Z,dq,,
364,4,TC_MRO_FAULT,complete,FAULTDESCRIPTION,,,ICD-1.2,,2024-06-25T15:04:13.066Z,dq,2024-06-25T15:04:13.066Z,dq,,
365,4,TC_MRO_FAULT,unique,FAULTDESCRIPTION,,,ICD-1.2,,2024-06-25T15:04:13.066Z,dq,2024-06-25T15:04:13.066Z,dq,,
357,4,TC_MRO_FAULT,length,FAULTDISPLAYID,,,ICD-1.2,"{\"max\": 30}",2024-06-25T15:04:13.066Z,dq,2024-06-25T15:04:13.066Z,dq,,
358,4,TC_MRO_FAULT,complete,FAULTDISPLAYID,,,ICD-1.2,,2024-06-25T15:04:13.066Z,dq,2024-06-25T15:04:13.066Z,dq,,
359,4,TC_MRO_FAULT,unique,FAULTDISPLAYID,,,ICD-1.2,,2024-06-25T15:04:13.066Z,dq,2024-06-25T15:04:13.066Z,dq,,
408,4,TC_MRO_FAULT,length,FAULTGROUP,,,ICD-1.2,"{\"max\": 500}",2024-06-25T15:04:13.067Z,dq,2024-06-25T15:04:13.067Z,dq,,
409,4,TC_MRO_FAULT,complete,FAULTGROUP,,,ICD-1.2,,2024-06-25T15:04:13.067Z,dq,2024-06-25T15:04:13.067Z,dq,,
410,4,TC_MRO_FAULT,unique,FAULTGROUP,,,ICD-1.2,,2024-06-25T15:04:13.067Z,dq,2024-06-25T15:04:13.067Z,dq,,
351,4,TC_MRO_FAULT,length,FAULTID,,,ICD-1.2,"{\"max\": 32}",2024-06-25T15:04:13.066Z,dq,2024-06-25T15:04:13.066Z,dq,,
352,4,TC_MRO_FAULT,complete,FAULTID,,,ICD-1.2,,2024-06-25T15:04:13.066Z,dq,2024-06-25T15:04:13.066Z,dq,,
353,4,TC_MRO_FAULT,unique,FAULTID,,,ICD-1.2,,2024-06-25T15:04:13.066Z,dq,2024-06-25T15:04:13.066Z,dq,,
378,4,TC_MRO_FAULT,length,FAULTREPAIRLEVEL,,,ICD-1.2,"{\"max\": 500}",2024-06-25T15:04:13.066Z,dq,2024-06-25T15:04:13.066Z,dq,,
379,4,TC_MRO_FAULT,complete,FAULTREPAIRLEVEL,,,ICD-1.2,,2024-06-25T15:04:13.066Z,dq,2024-06-25T15:04:13.066Z,dq,,
380,4,TC_MRO_FAULT,unique,FAULTREPAIRLEVEL,,,ICD-1.2,,2024-06-25T15:04:13.066Z,dq,2024-06-25T15:04:13.066Z,dq,,
390,4,TC_MRO_FAULT,length,FAULTREPORTEDBYRANK,,,ICD-1.2,"{\"max\": 1000}",2024-06-25T15:04:13.066Z,dq,2024-06-25T15:04:13.066Z,dq,,
391,4,TC_MRO_FAULT,complete,FAULTREPORTEDBYRANK,,,ICD-1.2,,2024-06-25T15:04:13.066Z,dq,2024-06-25T15:04:13.066Z,dq,,
392,4,TC_MRO_FAULT,unique,FAULTREPORTEDBYRANK,,,ICD-1.2,,2024-06-25T15:04:13.066Z,dq,2024-06-25T15:04:13.066Z,dq,,
387,4,TC_MRO_FAULT,length,FAULTREPORTEDBYSERVICE,,,ICD-1.2,"{\"max\": 11}",2024-06-25T15:04:13.066Z,dq,2024-06-25T15:04:13.066Z,dq,,
388,4,TC_MRO_FAULT,complete,FAULTREPORTEDBYSERVICE,,,ICD-1.2,,2024-06-25T15:04:13.066Z,dq,2024-06-25T15:04:13.066Z,dq,,
389,4,TC_MRO_FAULT,unique,FAULTREPORTEDBYSERVICE,,,ICD-1.2,,2024-06-25T15:04:13.066Z,dq,2024-06-25T15:04:13.066Z,dq,,
393,4,TC_MRO_FAULT,length,FAULTREPORTEDBYTRADE,,,ICD-1.2,"{\"max\": 20}",2024-06-25T15:04:13.066Z,dq,2024-06-25T15:04:13.066Z,dq,,
394,4,TC_MRO_FAULT,complete,FAULTREPORTEDBYTRADE,,,ICD-1.2,,2024-06-25T15:04:13.066Z,dq,2024-06-25T15:04:13.066Z,dq,,
395,4,TC_MRO_FAULT,unique,FAULTREPORTEDBYTRADE,,,ICD-1.2,,2024-06-25T15:04:13.066Z,dq,2024-06-25T15:04:13.066Z,dq,,
360,4,TC_MRO_FAULT,length,FAULTSTATE,,,ICD-1.2,"{\"max\": 2000}",2024-06-25T15:04:13.066Z,dq,2024-06-25T15:04:13.066Z,dq,,
361,4,TC_MRO_FAULT,complete,FAULTSTATE,,,ICD-1.2,,2024-06-25T15:04:13.066Z,dq,2024-06-25T15:04:13.066Z,dq,,
362,4,TC_MRO_FAULT,unique,FAULTSTATE,,,ICD-1.2,,2024-06-25T15:04:13.066Z,dq,2024-06-25T15:04:13.066Z,dq,,
381,4,TC_MRO_FAULT,length,REASONFORWORK,,,ICD-1.2,"{\"max\": 1500}",2024-06-25T15:04:13.066Z,dq,2024-06-25T15:04:13.066Z,dq,,
382,4,TC_MRO_FAULT,complete,REASONFORWORK,,,ICD-1.2,,2024-06-25T15:04:13.066Z,dq,2024-06-25T15:04:13.066Z,dq,,
383,4,TC_MRO_FAULT,unique,REASONFORWORK,,,ICD-1.2,,2024-06-25T15:04:13.066Z,dq,2024-06-25T15:04:13.066Z,dq,,
366,4,TC_MRO_FAULT,length,REPAIRUNIT,,,ICD-1.2,"{\"max\": 60}",2024-06-25T15:04:13.066Z,dq,2024-06-25T15:04:13.066Z,dq,,
367,4,TC_MRO_FAULT,complete,REPAIRUNIT,,,ICD-1.2,,2024-06-25T15:04:13.066Z,dq,2024-06-25T15:04:13.066Z,dq,,
368,4,TC_MRO_FAULT,unique,REPAIRUNIT,,,ICD-1.2,,2024-06-25T15:04:13.066Z,dq,2024-06-25T15:04:13.066Z,dq,,
369,4,TC_MRO_FAULT,length,REPAIRUNITUIN,,,ICD-1.2,"{\"max\": 6}",2024-06-25T15:04:13.066Z,dq,2024-06-25T15:04:13.066Z,dq,,
370,4,TC_MRO_FAULT,complete,REPAIRUNITUIN,,,ICD-1.2,,2024-06-25T15:04:13.066Z,dq,2024-06-25T15:04:13.066Z,dq,,
371,4,TC_MRO_FAULT,unique,REPAIRUNITUIN,,,ICD-1.2,,2024-06-25T15:04:13.066Z,dq,2024-06-25T15:04:13.066Z,dq,,
375,4,TC_MRO_FAULT,length,WORKCATEGORY,,,ICD-1.2,"{\"max\": 20}",2024-06-25T15:04:13.066Z,dq,2024-06-25T15:04:13.066Z,dq,,
376,4,TC_MRO_FAULT,complete,WORKCATEGORY,,,ICD-1.2,,2024-06-25T15:04:13.066Z,dq,2024-06-25T15:04:13.066Z,dq,,
377,4,TC_MRO_FAULT,unique,WORKCATEGORY,,,ICD-1.2,,2024-06-25T15:04:13.066Z,dq,2024-06-25T15:04:13.066Z,dq,,
417,4,TC_MRO_MAINT_MOD_FAULT,length,ASSETID,,,ICD-1.2,"{\"max\": 32}",2024-06-25T15:04:13.067Z,dq,2024-06-25T15:04:13.067Z,dq,,
418,4,TC_MRO_MAINT_MOD_FAULT,complete,ASSETID,,,ICD-1.2,,2024-06-25T15:04:13.067Z,dq,2024-06-25T15:04:13.067Z,dq,,
419,4,TC_MRO_MAINT_MOD_FAULT,unique,ASSETID,,,ICD-1.2,,2024-06-25T15:04:13.067Z,dq,2024-06-25T15:04:13.067Z,dq,,
456,4,TC_MRO_MAINT_MOD_FAULT,length,DELETEFLAG,,,ICD-1.2,"{\"max\": 1}",2024-06-25T15:04:13.067Z,dq,2024-06-25T15:04:13.067Z,dq,,
457,4,TC_MRO_MAINT_MOD_FAULT,complete,DELETEFLAG,,,ICD-1.2,,2024-06-25T15:04:13.067Z,dq,2024-06-25T15:04:13.067Z,dq,,
458,4,TC_MRO_MAINT_MOD_FAULT,unique,DELETEFLAG,,,ICD-1.2,,2024-06-25T15:04:13.067Z,dq,2024-06-25T15:04:13.067Z,dq,,
743,4,TC_MRO_MAINT_MOD_FAULT,length,ESTIMATEDREPAIRTIME,,,ADW-ICD-1.8,"{\"max\": 22}",2024-06-25T13:29:24.075Z,dq,2024-06-25T13:29:24.075Z,dq,,
438,4,TC_MRO_MAINT_MOD_FAULT,length,FAULTCLOSEDBYNAME,,,ICD-1.2,"{\"max\": 75}",2024-06-25T15:04:13.067Z,dq,2024-06-25T15:04:13.067Z,dq,,
439,4,TC_MRO_MAINT_MOD_FAULT,complete,FAULTCLOSEDBYNAME,,,ICD-1.2,,2024-06-25T15:04:13.067Z,dq,2024-06-25T15:04:13.067Z,dq,,
440,4,TC_MRO_MAINT_MOD_FAULT,unique,FAULTCLOSEDBYNAME,,,ICD-1.2,,2024-06-25T15:04:13.067Z,dq,2024-06-25T15:04:13.067Z,dq,,
444,4,TC_MRO_MAINT_MOD_FAULT,length,FAULTCLOSEDBYRANK,,,ICD-1.2,"{\"max\": 1000}",2024-06-25T15:04:13.067Z,dq,2024-06-25T15:04:13.067Z,dq,,
445,4,TC_MRO_MAINT_MOD_FAULT,complete,FAULTCLOSEDBYRANK,,,ICD-1.2,,2024-06-25T15:04:13.067Z,dq,2024-06-25T15:04:13.067Z,dq,,
446,4,TC_MRO_MAINT_MOD_FAULT,unique,FAULTCLOSEDBYRANK,,,ICD-1.2,,2024-06-25T15:04:13.067Z,dq,2024-06-25T15:04:13.067Z,dq,,
441,4,TC_MRO_MAINT_MOD_FAULT,length,FAULTCLOSEDBYSERVICE,,,ICD-1.2,"{\"max\": 11}",2024-06-25T15:04:13.067Z,dq,2024-06-25T15:04:13.067Z,dq,,
442,4,TC_MRO_MAINT_MOD_FAULT,complete,FAULTCLOSEDBYSERVICE,,,ICD-1.2,,2024-06-25T15:04:13.067Z,dq,2024-06-25T15:04:13.067Z,dq,,
443,4,TC_MRO_MAINT_MOD_FAULT,unique,FAULTCLOSEDBYSERVICE,,,ICD-1.2,,2024-06-25T15:04:13.067Z,dq,2024-06-25T15:04:13.067Z,dq,,
447,4,TC_MRO_MAINT_MOD_FAULT,length,FAULTCLOSEDBYTRADE,,,ICD-1.2,"{\"max\": 20}",2024-06-25T15:04:13.067Z,dq,2024-06-25T15:04:13.067Z,dq,,
448,4,TC_MRO_MAINT_MOD_FAULT,complete,FAULTCLOSEDBYTRADE,,,ICD-1.2,,2024-06-25T15:04:13.067Z,dq,2024-06-25T15:04:13.067Z,dq,,
449,4,TC_MRO_MAINT_MOD_FAULT,unique,FAULTCLOSEDBYTRADE,,,ICD-1.2,,2024-06-25T15:04:13.067Z,dq,2024-06-25T15:04:13.067Z,dq,,
423,4,TC_MRO_MAINT_MOD_FAULT,length,FAULTDESCRIPTION,,,ICD-1.2,"{\"max\": 4000}",2024-06-25T15:04:13.067Z,dq,2024-06-25T15:04:13.067Z,dq,,
424,4,TC_MRO_MAINT_MOD_FAULT,complete,FAULTDESCRIPTION,,,ICD-1.2,,2024-06-25T15:04:13.067Z,dq,2024-06-25T15:04:13.067Z,dq,,
425,4,TC_MRO_MAINT_MOD_FAULT,unique,FAULTDESCRIPTION,,,ICD-1.2,,2024-06-25T15:04:13.067Z,dq,2024-06-25T15:04:13.067Z,dq,,
414,4,TC_MRO_MAINT_MOD_FAULT,length,FAULTID,,,ICD-1.2,"{\"max\": 32}",2024-06-25T15:04:13.067Z,dq,2024-06-25T15:04:13.067Z,dq,,
415,4,TC_MRO_MAINT_MOD_FAULT,complete,FAULTID,,,ICD-1.2,,2024-06-25T15:04:13.067Z,dq,2024-06-25T15:04:13.067Z,dq,,
416,4,TC_MRO_MAINT_MOD_FAULT,unique,FAULTID,,,ICD-1.2,,2024-06-25T15:04:13.067Z,dq,2024-06-25T15:04:13.067Z,dq,,
432,4,TC_MRO_MAINT_MOD_FAULT,length,FAULTREPAIRLEVEL,,,ICD-1.2,"{\"max\": 500}",2024-06-25T15:04:13.067Z,dq,2024-06-25T15:04:13.067Z,dq,,
433,4,TC_MRO_MAINT_MOD_FAULT,complete,FAULTREPAIRLEVEL,,,ICD-1.2,,2024-06-25T15:04:13.067Z,dq,2024-06-25T15:04:13.067Z,dq,,
434,4,TC_MRO_MAINT_MOD_FAULT,unique,FAULTREPAIRLEVEL,,,ICD-1.2,,2024-06-25T15:04:13.067Z,dq,2024-06-25T15:04:13.067Z,dq,,
435,4,TC_MRO_MAINT_MOD_FAULT,length,REASONFORWORK,,,ICD-1.2,"{\"max\": 1500}",2024-06-25T15:04:13.067Z,dq,2024-06-25T15:04:13.067Z,dq,,
436,4,TC_MRO_MAINT_MOD_FAULT,complete,REASONFORWORK,,,ICD-1.2,,2024-06-25T15:04:13.067Z,dq,2024-06-25T15:04:13.067Z,dq,,
437,4,TC_MRO_MAINT_MOD_FAULT,unique,REASONFORWORK,,,ICD-1.2,,2024-06-25T15:04:13.067Z,dq,2024-06-25T15:04:13.067Z,dq,,
450,4,TC_MRO_MAINT_MOD_FAULT,length,REPAIRSECTION,,,ICD-1.2,"{\"max\": 75}",2024-06-25T15:04:13.067Z,dq,2024-06-25T15:04:13.067Z,dq,,
451,4,TC_MRO_MAINT_MOD_FAULT,complete,REPAIRSECTION,,,ICD-1.2,,2024-06-25T15:04:13.067Z,dq,2024-06-25T15:04:13.067Z,dq,,
452,4,TC_MRO_MAINT_MOD_FAULT,unique,REPAIRSECTION,,,ICD-1.2,,2024-06-25T15:04:13.067Z,dq,2024-06-25T15:04:13.067Z,dq,,
453,4,TC_MRO_MAINT_MOD_FAULT,length,REPAIRSECTIONLOCATION,,,ICD-1.2,"{\"max\": 100}",2024-06-25T15:04:13.067Z,dq,2024-06-25T15:04:13.067Z,dq,,
454,4,TC_MRO_MAINT_MOD_FAULT,complete,REPAIRSECTIONLOCATION,,,ICD-1.2,,2024-06-25T15:04:13.067Z,dq,2024-06-25T15:04:13.067Z,dq,,
455,4,TC_MRO_MAINT_MOD_FAULT,unique,REPAIRSECTIONLOCATION,,,ICD-1.2,,2024-06-25T15:04:13.067Z,dq,2024-06-25T15:04:13.067Z,dq,,
426,4,TC_MRO_MAINT_MOD_FAULT,length,REPAIRUNIT,,,ICD-1.2,"{\"max\": 60}",2024-06-25T15:04:13.067Z,dq,2024-06-25T15:04:13.067Z,dq,,
427,4,TC_MRO_MAINT_MOD_FAULT,complete,REPAIRUNIT,,,ICD-1.2,,2024-06-25T15:04:13.067Z,dq,2024-06-25T15:04:13.067Z,dq,,
428,4,TC_MRO_MAINT_MOD_FAULT,unique,REPAIRUNIT,,,ICD-1.2,,2024-06-25T15:04:13.067Z,dq,2024-06-25T15:04:13.067Z,dq,,
429,4,TC_MRO_MAINT_MOD_FAULT,length,REPAIRUNITUIN,,,ICD-1.2,"{\"max\": 6}",2024-06-25T15:04:13.067Z,dq,2024-06-25T15:04:13.067Z,dq,,
430,4,TC_MRO_MAINT_MOD_FAULT,complete,REPAIRUNITUIN,,,ICD-1.2,,2024-06-25T15:04:13.067Z,dq,2024-06-25T15:04:13.067Z,dq,,
431,4,TC_MRO_MAINT_MOD_FAULT,unique,REPAIRUNITUIN,,,ICD-1.2,,2024-06-25T15:04:13.067Z,dq,2024-06-25T15:04:13.067Z,dq,,
420,4,TC_MRO_MAINT_MOD_FAULT,length,WORKCATEGORY,,,ICD-1.2,"{\"max\": 20}",2024-06-25T15:04:13.067Z,dq,2024-06-25T15:04:13.067Z,dq,,
421,4,TC_MRO_MAINT_MOD_FAULT,complete,WORKCATEGORY,,,ICD-1.2,,2024-06-25T15:04:13.067Z,dq,2024-06-25T15:04:13.067Z,dq,,
422,4,TC_MRO_MAINT_MOD_FAULT,unique,WORKCATEGORY,,,ICD-1.2,,2024-06-25T15:04:13.067Z,dq,2024-06-25T15:04:13.067Z,dq,,
459,4,TC_NON_EVENT_USAGE,length,ASSETID,,,ICD-1.2,"{\"max\": 32}",2024-06-25T15:04:13.068Z,dq,2024-06-25T15:04:13.068Z,dq,,
460,4,TC_NON_EVENT_USAGE,complete,ASSETID,,,ICD-1.2,,2024-06-25T15:04:13.068Z,dq,2024-06-25T15:04:13.068Z,dq,,
461,4,TC_NON_EVENT_USAGE,unique,ASSETID,,,ICD-1.2,,2024-06-25T15:04:13.068Z,dq,2024-06-25T15:04:13.068Z,dq,,
465,4,TC_NON_EVENT_USAGE,length,DELETEFLAG,,,ICD-1.2,"{\"max\": 1}",2024-06-25T15:04:13.068Z,dq,2024-06-25T15:04:13.068Z,dq,,
466,4,TC_NON_EVENT_USAGE,complete,DELETEFLAG,,,ICD-1.2,,2024-06-25T15:04:13.068Z,dq,2024-06-25T15:04:13.068Z,dq,,
467,4,TC_NON_EVENT_USAGE,unique,DELETEFLAG,,,ICD-1.2,,2024-06-25T15:04:13.068Z,dq,2024-06-25T15:04:13.068Z,dq,,
748,4,TC_NON_EVENT_USAGE,complete,ENDVALUE,,,ADW-ICD-1.8,,2024-06-25T13:29:24.075Z,dq,2024-06-25T13:29:24.075Z,dq,,
749,4,TC_NON_EVENT_USAGE,complete,EVENTUSAGE,,,ADW-ICD-1.8,,2024-06-25T13:29:24.075Z,dq,2024-06-25T13:29:24.075Z,dq,,
750,4,TC_NON_EVENT_USAGE,unique,LOGDATE,,,ADW-ICD-1.8,,2024-06-25T13:29:24.075Z,dq,2024-06-25T13:29:24.075Z,dq,,
751,4,TC_NON_EVENT_USAGE,complete,LOGDATE,,,ADW-ICD-1.8,,2024-06-25T13:29:24.075Z,dq,2024-06-25T13:29:24.075Z,dq,,
752,4,TC_NON_EVENT_USAGE,complete,STARTVALUE,,,ADW-ICD-1.8,,2024-06-25T13:29:24.075Z,dq,2024-06-25T13:29:24.075Z,dq,,
462,4,TC_NON_EVENT_USAGE,length,USAGEPARAMETERNAME,,,ICD-1.2,"{\"max\": 30}",2024-06-25T15:04:13.068Z,dq,2024-06-25T15:04:13.068Z,dq,,
463,4,TC_NON_EVENT_USAGE,complete,USAGEPARAMETERNAME,,,ICD-1.2,,2024-06-25T15:04:13.068Z,dq,2024-06-25T15:04:13.068Z,dq,,
464,4,TC_NON_EVENT_USAGE,unique,USAGEPARAMETERNAME,,,ICD-1.2,,2024-06-25T15:04:13.068Z,dq,2024-06-25T15:04:13.068Z,dq,,
756,4,TC_ORG_DATA,length,ACCOUNTING_UIN,,,ADW-ICD-1.8,"{\"max\": 6}",2024-06-25T13:29:24.076Z,dq,2024-06-25T13:29:24.076Z,dq,,
753,4,TC_ORG_DATA,length,ADDRESS,,,ADW-ICD-1.8,"{\"max\": 2000}",2024-06-25T13:29:24.075Z,dq,2024-06-25T13:29:24.075Z,dq,,
504,4,TC_ORG_DATA,length,DELETEFLAG,,,ICD-1.2,"{\"max\": 1}",2024-06-25T15:04:13.069Z,dq,2024-06-25T15:04:13.069Z,dq,,
505,4,TC_ORG_DATA,complete,DELETEFLAG,,,ICD-1.2,,2024-06-25T15:04:13.069Z,dq,2024-06-25T15:04:13.069Z,dq,,
506,4,TC_ORG_DATA,unique,DELETEFLAG,,,ICD-1.2,,2024-06-25T15:04:13.069Z,dq,2024-06-25T15:04:13.069Z,dq,,
757,4,TC_ORG_DATA,length,IPT,,,ADW-ICD-1.8,"{\"max\": 3}",2024-06-25T13:29:24.076Z,dq,2024-06-25T13:29:24.076Z,dq,,
501,4,TC_ORG_DATA,length,OPCOMORGANISATIONUID,,,ICD-1.2,"{\"max\": 10}",2024-06-25T15:04:13.069Z,dq,2024-06-25T15:04:13.069Z,dq,,
502,4,TC_ORG_DATA,complete,OPCOMORGANISATIONUID,,,ICD-1.2,,2024-06-25T15:04:13.069Z,dq,2024-06-25T15:04:13.069Z,dq,,
503,4,TC_ORG_DATA,unique,OPCOMORGANISATIONUID,,,ICD-1.2,,2024-06-25T15:04:13.069Z,dq,2024-06-25T15:04:13.069Z,dq,,
495,4,TC_ORG_DATA,length,OPCOMUNITID,,,ICD-1.2,"{\"max\": 10}",2024-06-25T15:04:13.069Z,dq,2024-06-25T15:04:13.069Z,dq,,
496,4,TC_ORG_DATA,complete,OPCOMUNITID,,,ICD-1.2,,2024-06-25T15:04:13.069Z,dq,2024-06-25T15:04:13.069Z,dq,,
497,4,TC_ORG_DATA,unique,OPCOMUNITID,,,ICD-1.2,,2024-06-25T15:04:13.069Z,dq,2024-06-25T15:04:13.069Z,dq,,
471,4,TC_ORG_DATA,length,ORGANISATIONDSID,,,ICD-1.2,"{\"max\": 32}",2024-06-25T15:04:13.069Z,dq,2024-06-25T15:04:13.069Z,dq,,
472,4,TC_ORG_DATA,complete,ORGANISATIONDSID,,,ICD-1.2,,2024-06-25T15:04:13.069Z,dq,2024-06-25T15:04:13.069Z,dq,,
473,4,TC_ORG_DATA,unique,ORGANISATIONDSID,,,ICD-1.2,,2024-06-25T15:04:13.069Z,dq,2024-06-25T15:04:13.069Z,dq,,
468,4,TC_ORG_DATA,length,ORGANISATIONID,,,ICD-1.2,"{\"max\": 10}",2024-06-25T15:04:13.068Z,dq,2024-06-25T15:04:13.068Z,dq,,
469,4,TC_ORG_DATA,complete,ORGANISATIONID,,,ICD-1.2,,2024-06-25T15:04:13.068Z,dq,2024-06-25T15:04:13.068Z,dq,,
470,4,TC_ORG_DATA,unique,ORGANISATIONID,,,ICD-1.2,,2024-06-25T15:04:13.068Z,dq,2024-06-25T15:04:13.068Z,dq,,
474,4,TC_ORG_DATA,length,ORGANISATIONLEVELTYPE,,,ICD-1.2,"{\"max\": 200}",2024-06-25T15:04:13.069Z,dq,2024-06-25T15:04:13.069Z,dq,,
475,4,TC_ORG_DATA,complete,ORGANISATIONLEVELTYPE,,,ICD-1.2,,2024-06-25T15:04:13.069Z,dq,2024-06-25T15:04:13.069Z,dq,,
476,4,TC_ORG_DATA,unique,ORGANISATIONLEVELTYPE,,,ICD-1.2,,2024-06-25T15:04:13.069Z,dq,2024-06-25T15:04:13.069Z,dq,,
477,4,TC_ORG_DATA,length,ORGANISATIONNAME,,,ICD-1.2,"{\"max\": 100}",2024-06-25T15:04:13.069Z,dq,2024-06-25T15:04:13.069Z,dq,,
478,4,TC_ORG_DATA,complete,ORGANISATIONNAME,,,ICD-1.2,,2024-06-25T15:04:13.069Z,dq,2024-06-25T15:04:13.069Z,dq,,
479,4,TC_ORG_DATA,unique,ORGANISATIONNAME,,,ICD-1.2,,2024-06-25T15:04:13.069Z,dq,2024-06-25T15:04:13.069Z,dq,,
480,4,TC_ORG_DATA,length,ORGANISATIONSHORTNAME,,,ICD-1.2,"{\"max\": 60}",2024-06-25T15:04:13.069Z,dq,2024-06-25T15:04:13.069Z,dq,,
481,4,TC_ORG_DATA,complete,ORGANISATIONSHORTNAME,,,ICD-1.2,,2024-06-25T15:04:13.069Z,dq,2024-06-25T15:04:13.069Z,dq,,
482,4,TC_ORG_DATA,unique,ORGANISATIONSHORTNAME,,,ICD-1.2,,2024-06-25T15:04:13.069Z,dq,2024-06-25T15:04:13.069Z,dq,,
489,4,TC_ORG_DATA,length,ORGANISATIONUIN,,,ICD-1.2,"{\"max\": 6}",2024-06-25T15:04:13.069Z,dq,2024-06-25T15:04:13.069Z,dq,,
490,4,TC_ORG_DATA,complete,ORGANISATIONUIN,,,ICD-1.2,,2024-06-25T15:04:13.069Z,dq,2024-06-25T15:04:13.069Z,dq,,
491,4,TC_ORG_DATA,unique,ORGANISATIONUIN,,,ICD-1.2,,2024-06-25T15:04:13.069Z,dq,2024-06-25T15:04:13.069Z,dq,,
758,4,TC_ORG_DATA,length,ORGANISATION_TYPE,,,ADW-ICD-1.8,"{\"max\": 500}",2024-06-25T13:29:24.076Z,dq,2024-06-25T13:29:24.076Z,dq,,
483,4,TC_ORG_DATA,length,PARENTORGANISATIONDSID,,,ICD-1.2,"{\"max\": 32}",2024-06-25T15:04:13.069Z,dq,2024-06-25T15:04:13.069Z,dq,,
484,4,TC_ORG_DATA,complete,PARENTORGANISATIONDSID,,,ICD-1.2,,2024-06-25T15:04:13.069Z,dq,2024-06-25T15:04:13.069Z,dq,,
485,4,TC_ORG_DATA,unique,PARENTORGANISATIONDSID,,,ICD-1.2,,2024-06-25T15:04:13.069Z,dq,2024-06-25T15:04:13.069Z,dq,,
486,4,TC_ORG_DATA,length,PARENTORGANISATIONID,,,ICD-1.2,"{\"max\": 10}",2024-06-25T15:04:13.069Z,dq,2024-06-25T15:04:13.069Z,dq,,
487,4,TC_ORG_DATA,complete,PARENTORGANISATIONID,,,ICD-1.2,,2024-06-25T15:04:13.069Z,dq,2024-06-25T15:04:13.069Z,dq,,
488,4,TC_ORG_DATA,unique,PARENTORGANISATIONID,,,ICD-1.2,,2024-06-25T15:04:13.069Z,dq,2024-06-25T15:04:13.069Z,dq,,
498,4,TC_ORG_DATA,length,PARENTORGANISATIONNAME,,,ICD-1.2,"{\"max\": 100}",2024-06-25T15:04:13.069Z,dq,2024-06-25T15:04:13.069Z,dq,,
499,4,TC_ORG_DATA,complete,PARENTORGANISATIONNAME,,,ICD-1.2,,2024-06-25T15:04:13.069Z,dq,2024-06-25T15:04:13.069Z,dq,,
500,4,TC_ORG_DATA,unique,PARENTORGANISATIONNAME,,,ICD-1.2,,2024-06-25T15:04:13.069Z,dq,2024-06-25T15:04:13.069Z,dq,,
754,4,TC_ORG_DATA,length,POST_CODE,,,ADW-ICD-1.8,"{\"max\": 35}",2024-06-25T13:29:24.075Z,dq,2024-06-25T13:29:24.075Z,dq,,
492,4,TC_ORG_DATA,length,PRECEDENCECODE,,,ICD-1.2,"{\"max\": 40}",2024-06-25T15:04:13.069Z,dq,2024-06-25T15:04:13.069Z,dq,,
493,4,TC_ORG_DATA,complete,PRECEDENCECODE,,,ICD-1.2,,2024-06-25T15:04:13.069Z,dq,2024-06-25T15:04:13.069Z,dq,,
494,4,TC_ORG_DATA,unique,PRECEDENCECODE,,,ICD-1.2,,2024-06-25T15:04:13.069Z,dq,2024-06-25T15:04:13.069Z,dq,,
759,4,TC_ORG_DATA,length,PRIMARY_REPAIR_LEVEL,,,ADW-ICD-1.8,"{\"max\": 500}",2024-06-25T13:29:24.076Z,dq,2024-06-25T13:29:24.076Z,dq,,
760,4,TC_ORG_DATA,length,READINESS_LEVEL,,,ADW-ICD-1.8,"{\"max\": 500}",2024-06-25T13:29:24.076Z,dq,2024-06-25T13:29:24.076Z,dq,,
755,4,TC_ORG_DATA,length,SHADOW_ORG,,,ADW-ICD-1.8,"{\"max\": 5}",2024-06-25T13:29:24.076Z,dq,2024-06-25T13:29:24.076Z,dq,,
761,4,TC_ORG_DATA,length,THEATRE_CODE_PEACE,,,ADW-ICD-1.8,"{\"max\": 255}",2024-06-25T13:29:24.076Z,dq,2024-06-25T13:29:24.076Z,dq,,
762,4,TC_ORG_DATA,length,THEATRE_CODE_PEACE_DESCRIPTION,,,ADW-ICD-1.8,"{\"max\": 500}",2024-06-25T13:29:24.076Z,dq,2024-06-25T13:29:24.076Z,dq,,
763,4,TC_ORG_DATA,length,THEATRE_CODE_WAR,,,ADW-ICD-1.8,"{\"max\": 255}",2024-06-25T13:29:24.076Z,dq,2024-06-25T13:29:24.076Z,dq,,
51,4,TC_PART_TYPE,length,DMC,,,,"{\"max\": 250}",2023-10-03T00:00:00.000Z,dq,2023-10-03T00:00:00.000Z,dq,,
48,4,TC_PART_TYPE,length,EBSITEM,,,,"{\"max\": 5}",2023-10-03T00:00:00.000Z,dq,2023-10-03T00:00:00.000Z,dq,,
34,4,TC_PART_TYPE,complete,EQUIPMENTCATEGORY,,,,,2023-10-03T00:00:00.000Z,dq,2023-10-03T00:00:00.000Z,dq,,
30,4,TC_PART_TYPE,complete,EQUIPMENTFAMILYGROUP,,,,,2023-10-03T00:00:00.000Z,dq,2023-10-03T00:00:00.000Z,dq,,
31,4,TC_PART_TYPE,length,EQUIPMENTFAMILYGROUP,,,,"{\"max\": 500}",2023-10-03T00:00:00.000Z,dq,2023-10-03T00:00:00.000Z,dq,,
25,4,TC_PART_TYPE,length,EQUIPMENTTYPE,,,,"{\"max\": 255}",2023-10-03T00:00:00.000Z,dq,2023-10-03T00:00:00.000Z,dq,,
26,4,TC_PART_TYPE,in_sync,EQUIPMENTTYPE,,,,"{\"with\": \"jmraw.TC_PART_TYPE.EQUIPMENT_TYPE\", \"values\": \"this\", \"keys\": [{\"this\": \"PARTTYPEID\", \"other\": \"PART_TYPE_ID\"}]}",2023-10-03T00:00:00.000Z,dq,2023-10-03T00:00:00.000Z,dq,,
28,4,TC_PART_TYPE,length,EQUIPWEIGHTTYPE,,,,"{\"max\": 500}",2023-10-03T00:00:00.000Z,dq,2023-10-03T00:00:00.000Z,dq,,
29,4,TC_PART_TYPE,in_sync,EQUIPWEIGHTTYPE,,,,"{\"with\": \"jmraw.TC_PART_TYPE.EQUIP_WEIGHT_TYPE\", \"values\": \"this\", \"keys\": [{\"this\": \"PARTTYPEID\", \"other\": \"PART_TYPE_ID\"}]}",2023-10-03T00:00:00.000Z,dq,2023-10-03T00:00:00.000Z,dq,,
39,4,TC_PART_TYPE,length,ESPCOMMON,,,,"{\"max\": 20}",2023-10-03T00:00:00.000Z,dq,2023-10-03T00:00:00.000Z,dq,,
38,4,TC_PART_TYPE,length,ESPSPECIFIC,,,,"{\"max\": 15}",2023-10-03T00:00:00.000Z,dq,2023-10-03T00:00:00.000Z,dq,,
35,4,TC_PART_TYPE,length,FUELTYPE,,,,"{\"max\": 500}",2023-10-03T00:00:00.000Z,dq,2023-10-03T00:00:00.000Z,dq,,
36,4,TC_PART_TYPE,in_sync,FUELTYPE,,,,"{\"with\": \"jmraw.TC_PART_TYPE.FUEL_TYPE\", \"values\": \"this\", \"keys\": [{\"this\": \"PARTTYPEID\", \"other\": \"PART_TYPE_ID\"}]}",2023-10-03T00:00:00.000Z,dq,2023-10-03T00:00:00.000Z,dq,,
42,4,TC_PART_TYPE,length,LEARCODE,,,,"{\"max\": 255}",2023-10-03T00:00:00.000Z,dq,2023-10-03T00:00:00.000Z,dq,,
43,4,TC_PART_TYPE,length,LEARCODEDESC,,,,"{\"max\": 500}",2023-10-03T00:00:00.000Z,dq,2023-10-03T00:00:00.000Z,dq,,
18,4,TC_PART_TYPE,complete,LEVEL1DESC,,,,,2023-10-03T00:00:00.000Z,dq,2023-10-03T00:00:00.000Z,dq,,
19,4,TC_PART_TYPE,length,LEVEL1DESC,,,,"{\"max\": 35}",2023-10-03T00:00:00.000Z,dq,2023-10-03T00:00:00.000Z,dq,,
20,4,TC_PART_TYPE,complete,LEVEL2DESC,,,,,2023-10-03T00:00:00.000Z,dq,2023-10-03T00:00:00.000Z,dq,,
21,4,TC_PART_TYPE,length,LEVEL2DESC,,,,"{\"max\": 35}",2023-10-03T00:00:00.000Z,dq,2023-10-03T00:00:00.000Z,dq,,
22,4,TC_PART_TYPE,complete,LEVEL3DESC,,,,,2023-10-03T00:00:00.000Z,dq,2023-10-03T00:00:00.000Z,dq,,
23,4,TC_PART_TYPE,length,LEVEL3DESC,,,,"{\"max\": 256}",2023-10-03T00:00:00.000Z,dq,2023-10-03T00:00:00.000Z,dq,,
24,4,TC_PART_TYPE,length,LEVEL4DESC,,,,"{\"max\": 640}",2023-10-03T00:00:00.000Z,dq,2023-10-03T00:00:00.000Z,dq,,
45,4,TC_PART_TYPE,length,LIFTINGTACKLE,,,,"{\"max\": 5}",2023-10-03T00:00:00.000Z,dq,2023-10-03T00:00:00.000Z,dq,,
27,4,TC_PART_TYPE,length,MAC,,,,"{\"max\": 25}",2023-10-03T00:00:00.000Z,dq,2023-10-03T00:00:00.000Z,dq,,
15,4,TC_PART_TYPE,complete,NSN,,,,,2023-10-03T00:00:00.000Z,dq,2023-10-03T00:00:00.000Z,dq,,
16,4,TC_PART_TYPE,length,NSN,,,,"{\"max\": 50}",2023-10-03T00:00:00.000Z,dq,2023-10-03T00:00:00.000Z,dq,,
17,4,TC_PART_TYPE,in_sync,NSN,,,,"{\"with\": \"jmraw.TC_PART_TYPE.NSN\", \"values\": \"this\", \"keys\": [{\"this\": \"PARTTYPEID\", \"other\": \"PART_TYPE_ID\"}]}",2023-10-03T00:00:00.000Z,dq,2023-10-03T00:00:00.000Z,dq,,
46,4,TC_PART_TYPE,length,OBSOLETE,,,,"{\"max\": 5}",2023-10-03T00:00:00.000Z,dq,2023-10-03T00:00:00.000Z,dq,,
47,4,TC_PART_TYPE,length,OBSOLETEDBYMJDI,,,,"{\"max\": 5}",2023-10-03T00:00:00.000Z,dq,2023-10-03T00:00:00.000Z,dq,,
12,4,TC_PART_TYPE,unique,PARTTYPEID,,,,,2023-10-03T00:00:00.000Z,dq,2023-10-03T00:00:00.000Z,dq,,
13,4,TC_PART_TYPE,complete,PARTTYPEID,,,,,2023-10-03T00:00:00.000Z,dq,2023-10-03T00:00:00.000Z,dq,,
14,4,TC_PART_TYPE,length,PARTTYPEID,,,,"{\"max\": 32}",2023-10-03T00:00:00.000Z,dq,2023-10-03T00:00:00.000Z,dq,,
37,4,TC_PART_TYPE,length,PREFERREDSUPPORT,,,,"{\"max\": 500}",2023-10-03T00:00:00.000Z,dq,2023-10-03T00:00:00.000Z,dq,,
40,4,TC_PART_TYPE,complete,PRIMARYUSAGECOUNTER,,,,,2023-10-03T00:00:00.000Z,dq,2023-10-03T00:00:00.000Z,dq,,
41,4,TC_PART_TYPE,length,PRIMARYUSAGECOUNTER,,,,"{\"max\": 30}",2023-10-03T00:00:00.000Z,dq,2023-10-03T00:00:00.000Z,dq,,
32,4,TC_PART_TYPE,length,PTNAME,,,,"{\"max\": 60}",2023-10-03T00:00:00.000Z,dq,2023-10-03T00:00:00.000Z,dq,,
49,4,TC_PART_TYPE,in,PTORGDSID,,,,"{\"column\": \"TCORGDATA.ORGANISATIONDSID\"}",2023-10-03T00:00:00.000Z,dq,2023-10-03T00:00:00.000Z,dq,,
50,4,TC_PART_TYPE,length,PTORGDSID,,,,"{\"max\": 32}",2023-10-03T00:00:00.000Z,dq,2023-10-03T00:00:00.000Z,dq,,
33,4,TC_PART_TYPE,length,PTUIN,,,,"{\"max\": 6}",2023-10-03T00:00:00.000Z,dq,2023-10-03T00:00:00.000Z,dq,,
44,4,TC_PART_TYPE,length,SUPPORTDETAILS,,,,"{\"max\": 250}",2023-10-03T00:00:00.000Z,dq,2023-10-03T00:00:00.000Z,dq,,
52,4,TC_PART_TYPE,length,TESTCLASS,,,,"{\"max\": 255}",2023-10-03T00:00:00.000Z,dq,2023-10-03T00:00:00.000Z,dq,,
513,4,TC_RA_TIME,length,CERTIFIER,,,ICD-1.2,"{\"max\": 3}",2024-06-25T15:04:13.070Z,dq,2024-06-25T15:04:13.070Z,dq,,
514,4,TC_RA_TIME,complete,CERTIFIER,,,ICD-1.2,,2024-06-25T15:04:13.070Z,dq,2024-06-25T15:04:13.070Z,dq,,
515,4,TC_RA_TIME,unique,CERTIFIER,,,ICD-1.2,,2024-06-25T15:04:13.070Z,dq,2024-06-25T15:04:13.070Z,dq,,
528,4,TC_RA_TIME,length,DELETEFLAG,,,ICD-1.2,"{\"max\": 1}",2024-06-25T15:04:13.070Z,dq,2024-06-25T15:04:13.070Z,dq,,
529,4,TC_RA_TIME,complete,DELETEFLAG,,,ICD-1.2,,2024-06-25T15:04:13.070Z,dq,2024-06-25T15:04:13.070Z,dq,,
530,4,TC_RA_TIME,unique,DELETEFLAG,,,ICD-1.2,,2024-06-25T15:04:13.070Z,dq,2024-06-25T15:04:13.070Z,dq,,
519,4,TC_RA_TIME,length,RANK,,,ICD-1.2,"{\"max\": 20}",2024-06-25T15:04:13.070Z,dq,2024-06-25T15:04:13.070Z,dq,,
520,4,TC_RA_TIME,complete,RANK,,,ICD-1.2,,2024-06-25T15:04:13.070Z,dq,2024-06-25T15:04:13.070Z,dq,,
521,4,TC_RA_TIME,unique,RANK,,,ICD-1.2,,2024-06-25T15:04:13.070Z,dq,2024-06-25T15:04:13.070Z,dq,,
507,4,TC_RA_TIME,length,RATIMEID,,,ICD-1.2,"{\"max\": 32}",2024-06-25T15:04:13.070Z,dq,2024-06-25T15:04:13.070Z,dq,,
508,4,TC_RA_TIME,complete,RATIMEID,,,ICD-1.2,,2024-06-25T15:04:13.070Z,dq,2024-06-25T15:04:13.070Z,dq,,
509,4,TC_RA_TIME,unique,RATIMEID,,,ICD-1.2,,2024-06-25T15:04:13.070Z,dq,2024-06-25T15:04:13.070Z,dq,,
510,4,TC_RA_TIME,length,REPAIRACTIONID,,,ICD-1.2,"{\"max\": 32}",2024-06-25T15:04:13.070Z,dq,2024-06-25T15:04:13.070Z,dq,,
511,4,TC_RA_TIME,complete,REPAIRACTIONID,,,ICD-1.2,,2024-06-25T15:04:13.070Z,dq,2024-06-25T15:04:13.070Z,dq,,
512,4,TC_RA_TIME,unique,REPAIRACTIONID,,,ICD-1.2,,2024-06-25T15:04:13.070Z,dq,2024-06-25T15:04:13.070Z,dq,,
516,4,TC_RA_TIME,length,REPAIRERNAME,,,ICD-1.2,"{\"max\": 75}",2024-06-25T15:04:13.070Z,dq,2024-06-25T15:04:13.070Z,dq,,
517,4,TC_RA_TIME,complete,REPAIRERNAME,,,ICD-1.2,,2024-06-25T15:04:13.070Z,dq,2024-06-25T15:04:13.070Z,dq,,
518,4,TC_RA_TIME,unique,REPAIRERNAME,,,ICD-1.2,,2024-06-25T15:04:13.070Z,dq,2024-06-25T15:04:13.070Z,dq,,
522,4,TC_RA_TIME,length,SERVICENUMBER,,,ICD-1.2,"{\"max\": 11}",2024-06-25T15:04:13.070Z,dq,2024-06-25T15:04:13.070Z,dq,,
523,4,TC_RA_TIME,complete,SERVICENUMBER,,,ICD-1.2,,2024-06-25T15:04:13.070Z,dq,2024-06-25T15:04:13.070Z,dq,,
524,4,TC_RA_TIME,unique,SERVICENUMBER,,,ICD-1.2,,2024-06-25T15:04:13.070Z,dq,2024-06-25T15:04:13.070Z,dq,,
525,4,TC_RA_TIME,length,TRADE,,,ICD-1.2,"{\"max\": 20}",2024-06-25T15:04:13.070Z,dq,2024-06-25T15:04:13.070Z,dq,,
526,4,TC_RA_TIME,complete,TRADE,,,ICD-1.2,,2024-06-25T15:04:13.070Z,dq,2024-06-25T15:04:13.070Z,dq,,
527,4,TC_RA_TIME,unique,TRADE,,,ICD-1.2,,2024-06-25T15:04:13.070Z,dq,2024-06-25T15:04:13.070Z,dq,,
561,4,TC_REPAIR_ACTS,length,CANDIDATESRAFLAG,,,ICD-1.2,"{\"max\": 3}",2024-06-25T15:04:13.071Z,dq,2024-06-25T15:04:13.071Z,dq,,
562,4,TC_REPAIR_ACTS,complete,CANDIDATESRAFLAG,,,ICD-1.2,,2024-06-25T15:04:13.071Z,dq,2024-06-25T15:04:13.071Z,dq,,
563,4,TC_REPAIR_ACTS,unique,CANDIDATESRAFLAG,,,ICD-1.2,,2024-06-25T15:04:13.071Z,dq,2024-06-25T15:04:13.071Z,dq,,
597,4,TC_REPAIR_ACTS,length,DELETEFLAG,,,ICD-1.2,"{\"max\": 1}",2024-06-25T15:04:13.071Z,dq,2024-06-25T15:04:13.071Z,dq,,
598,4,TC_REPAIR_ACTS,complete,DELETEFLAG,,,ICD-1.2,,2024-06-25T15:04:13.071Z,dq,2024-06-25T15:04:13.071Z,dq,,
599,4,TC_REPAIR_ACTS,unique,DELETEFLAG,,,ICD-1.2,,2024-06-25T15:04:13.071Z,dq,2024-06-25T15:04:13.071Z,dq,,
555,4,TC_REPAIR_ACTS,length,FAULTID,,,ICD-1.2,"{\"max\": 32}",2024-06-25T15:04:13.070Z,dq,2024-06-25T15:04:13.070Z,dq,,
556,4,TC_REPAIR_ACTS,complete,FAULTID,,,ICD-1.2,,2024-06-25T15:04:13.070Z,dq,2024-06-25T15:04:13.070Z,dq,,
557,4,TC_REPAIR_ACTS,unique,FAULTID,,,ICD-1.2,,2024-06-25T15:04:13.070Z,dq,2024-06-25T15:04:13.070Z,dq,,
579,4,TC_REPAIR_ACTS,length,INSPECTIONRESULT,,,ICD-1.2,"{\"max\": 500}",2024-06-25T15:04:13.071Z,dq,2024-06-25T15:04:13.071Z,dq,,
580,4,TC_REPAIR_ACTS,complete,INSPECTIONRESULT,,,ICD-1.2,,2024-06-25T15:04:13.071Z,dq,2024-06-25T15:04:13.071Z,dq,,
581,4,TC_REPAIR_ACTS,unique,INSPECTIONRESULT,,,ICD-1.2,,2024-06-25T15:04:13.071Z,dq,2024-06-25T15:04:13.071Z,dq,,
591,4,TC_REPAIR_ACTS,length,RACONDITION,,,ICD-1.2,"{\"max\": 2000}",2024-06-25T15:04:13.071Z,dq,2024-06-25T15:04:13.071Z,dq,,
592,4,TC_REPAIR_ACTS,complete,RACONDITION,,,ICD-1.2,,2024-06-25T15:04:13.071Z,dq,2024-06-25T15:04:13.071Z,dq,,
593,4,TC_REPAIR_ACTS,unique,RACONDITION,,,ICD-1.2,,2024-06-25T15:04:13.071Z,dq,2024-06-25T15:04:13.071Z,dq,,
588,4,TC_REPAIR_ACTS,length,RAREPAIRLEVEL,,,ICD-1.2,"{\"max\": 500}",2024-06-25T15:04:13.071Z,dq,2024-06-25T15:04:13.071Z,dq,,
589,4,TC_REPAIR_ACTS,complete,RAREPAIRLEVEL,,,ICD-1.2,,2024-06-25T15:04:13.071Z,dq,2024-06-25T15:04:13.071Z,dq,,
590,4,TC_REPAIR_ACTS,unique,RAREPAIRLEVEL,,,ICD-1.2,,2024-06-25T15:04:13.071Z,dq,2024-06-25T15:04:13.071Z,dq,,
585,4,TC_REPAIR_ACTS,length,RATYPE,,,ICD-1.2,"{\"max\": 500}",2024-06-25T15:04:13.071Z,dq,2024-06-25T15:04:13.071Z,dq,,
586,4,TC_REPAIR_ACTS,complete,RATYPE,,,ICD-1.2,,2024-06-25T15:04:13.071Z,dq,2024-06-25T15:04:13.071Z,dq,,
587,4,TC_REPAIR_ACTS,unique,RATYPE,,,ICD-1.2,,2024-06-25T15:04:13.071Z,dq,2024-06-25T15:04:13.071Z,dq,,
594,4,TC_REPAIR_ACTS,length,REPAIRACTIONCOMMENTS,,,ICD-1.2,"{\"max\": 4000}",2024-06-25T15:04:13.071Z,dq,2024-06-25T15:04:13.071Z,dq,,
595,4,TC_REPAIR_ACTS,complete,REPAIRACTIONCOMMENTS,,,ICD-1.2,,2024-06-25T15:04:13.071Z,dq,2024-06-25T15:04:13.071Z,dq,,
596,4,TC_REPAIR_ACTS,unique,REPAIRACTIONCOMMENTS,,,ICD-1.2,,2024-06-25T15:04:13.071Z,dq,2024-06-25T15:04:13.071Z,dq,,
558,4,TC_REPAIR_ACTS,length,REPAIRACTIONDESCRIPTION,,,ICD-1.2,"{\"max\": 4000}",2024-06-25T15:04:13.071Z,dq,2024-06-25T15:04:13.071Z,dq,,
559,4,TC_REPAIR_ACTS,complete,REPAIRACTIONDESCRIPTION,,,ICD-1.2,,2024-06-25T15:04:13.071Z,dq,2024-06-25T15:04:13.071Z,dq,,
560,4,TC_REPAIR_ACTS,unique,REPAIRACTIONDESCRIPTION,,,ICD-1.2,,2024-06-25T15:04:13.071Z,dq,2024-06-25T15:04:13.071Z,dq,,
552,4,TC_REPAIR_ACTS,length,REPAIRACTIONID,,,ICD-1.2,"{\"max\": 32}",2024-06-25T15:04:13.070Z,dq,2024-06-25T15:04:13.070Z,dq,,
553,4,TC_REPAIR_ACTS,complete,REPAIRACTIONID,,,ICD-1.2,,2024-06-25T15:04:13.070Z,dq,2024-06-25T15:04:13.070Z,dq,,
554,4,TC_REPAIR_ACTS,unique,REPAIRACTIONID,,,ICD-1.2,,2024-06-25T15:04:13.070Z,dq,2024-06-25T15:04:13.070Z,dq,,
564,4,TC_REPAIR_ACTS,length,REPAIREDDURINGINSPECTION,,,ICD-1.2,"{\"max\": 3}",2024-06-25T15:04:13.071Z,dq,2024-06-25T15:04:13.071Z,dq,,
565,4,TC_REPAIR_ACTS,complete,REPAIREDDURINGINSPECTION,,,ICD-1.2,,2024-06-25T15:04:13.071Z,dq,2024-06-25T15:04:13.071Z,dq,,
566,4,TC_REPAIR_ACTS,unique,REPAIREDDURINGINSPECTION,,,ICD-1.2,,2024-06-25T15:04:13.071Z,dq,2024-06-25T15:04:13.071Z,dq,,
573,4,TC_REPAIR_ACTS,length,REPAIRSECTION,,,ICD-1.2,"{\"max\": 75}",2024-06-25T15:04:13.071Z,dq,2024-06-25T15:04:13.071Z,dq,,
574,4,TC_REPAIR_ACTS,complete,REPAIRSECTION,,,ICD-1.2,,2024-06-25T15:04:13.071Z,dq,2024-06-25T15:04:13.071Z,dq,,
575,4,TC_REPAIR_ACTS,unique,REPAIRSECTION,,,ICD-1.2,,2024-06-25T15:04:13.071Z,dq,2024-06-25T15:04:13.071Z,dq,,
576,4,TC_REPAIR_ACTS,length,REPAIRSECTIONLOCATION,,,ICD-1.2,"{\"max\": 100}",2024-06-25T15:04:13.071Z,dq,2024-06-25T15:04:13.071Z,dq,,
577,4,TC_REPAIR_ACTS,complete,REPAIRSECTIONLOCATION,,,ICD-1.2,,2024-06-25T15:04:13.071Z,dq,2024-06-25T15:04:13.071Z,dq,,
578,4,TC_REPAIR_ACTS,unique,REPAIRSECTIONLOCATION,,,ICD-1.2,,2024-06-25T15:04:13.071Z,dq,2024-06-25T15:04:13.071Z,dq,,
570,4,TC_REPAIR_ACTS,length,SUBSYSTEM,,,ICD-1.2,"{\"max\": 50}",2024-06-25T15:04:13.071Z,dq,2024-06-25T15:04:13.071Z,dq,,
571,4,TC_REPAIR_ACTS,complete,SUBSYSTEM,,,ICD-1.2,,2024-06-25T15:04:13.071Z,dq,2024-06-25T15:04:13.071Z,dq,,
572,4,TC_REPAIR_ACTS,unique,SUBSYSTEM,,,ICD-1.2,,2024-06-25T15:04:13.071Z,dq,2024-06-25T15:04:13.071Z,dq,,
567,4,TC_REPAIR_ACTS,length,SYSTEM,,,ICD-1.2,"{\"max\": 110}",2024-06-25T15:04:13.071Z,dq,2024-06-25T15:04:13.071Z,dq,,
568,4,TC_REPAIR_ACTS,complete,SYSTEM,,,ICD-1.2,,2024-06-25T15:04:13.071Z,dq,2024-06-25T15:04:13.071Z,dq,,
569,4,TC_REPAIR_ACTS,unique,SYSTEM,,,ICD-1.2,,2024-06-25T15:04:13.071Z,dq,2024-06-25T15:04:13.071Z,dq,,
582,4,TC_REPAIR_ACTS,length,WORKSTATUS,,,ICD-1.2,"{\"max\": 500}",2024-06-25T15:04:13.071Z,dq,2024-06-25T15:04:13.071Z,dq,,
583,4,TC_REPAIR_ACTS,complete,WORKSTATUS,,,ICD-1.2,,2024-06-25T15:04:13.071Z,dq,2024-06-25T15:04:13.071Z,dq,,
584,4,TC_REPAIR_ACTS,unique,WORKSTATUS,,,ICD-1.2,,2024-06-25T15:04:13.071Z,dq,2024-06-25T15:04:13.071Z,dq,,
549,4,TC_REP_ACT_SPARES_USED,length,DELETEFLAG,,,ICD-1.2,"{\"max\": 1}",2024-06-25T15:04:13.070Z,dq,2024-06-25T15:04:13.070Z,dq,,
550,4,TC_REP_ACT_SPARES_USED,complete,DELETEFLAG,,,ICD-1.2,,2024-06-25T15:04:13.070Z,dq,2024-06-25T15:04:13.070Z,dq,,
551,4,TC_REP_ACT_SPARES_USED,unique,DELETEFLAG,,,ICD-1.2,,2024-06-25T15:04:13.070Z,dq,2024-06-25T15:04:13.070Z,dq,,
546,4,TC_REP_ACT_SPARES_USED,length,ISSPARECONSUMED,,,ICD-1.2,"{\"max\": 5}",2024-06-25T15:04:13.070Z,dq,2024-06-25T15:04:13.070Z,dq,,
547,4,TC_REP_ACT_SPARES_USED,complete,ISSPARECONSUMED,,,ICD-1.2,,2024-06-25T15:04:13.070Z,dq,2024-06-25T15:04:13.070Z,dq,,
548,4,TC_REP_ACT_SPARES_USED,unique,ISSPARECONSUMED,,,ICD-1.2,,2024-06-25T15:04:13.070Z,dq,2024-06-25T15:04:13.070Z,dq,,
534,4,TC_REP_ACT_SPARES_USED,length,NSN,,,ICD-1.2,"{\"max\": 50}",2024-06-25T15:04:13.070Z,dq,2024-06-25T15:04:13.070Z,dq,,
535,4,TC_REP_ACT_SPARES_USED,complete,NSN,,,ICD-1.2,,2024-06-25T15:04:13.070Z,dq,2024-06-25T15:04:13.070Z,dq,,
536,4,TC_REP_ACT_SPARES_USED,unique,NSN,,,ICD-1.2,,2024-06-25T15:04:13.070Z,dq,2024-06-25T15:04:13.070Z,dq,,
764,4,TC_REP_ACT_SPARES_USED,complete,QUANTITYOFITEMSNOTUSED,,,ADW-ICD-1.8,,2024-06-25T13:29:24.077Z,dq,2024-06-25T13:29:24.077Z,dq,,
765,4,TC_REP_ACT_SPARES_USED,length,QUANTITYOFITEMSNOTUSED,,,ADW-ICD-1.8,"{\"max\": 22}",2024-06-25T13:29:24.077Z,dq,2024-06-25T13:29:24.077Z,dq,,
766,4,TC_REP_ACT_SPARES_USED,complete,QUANTITYOFITEMSUSED,,,ADW-ICD-1.8,,2024-06-25T13:29:24.077Z,dq,2024-06-25T13:29:24.077Z,dq,,
767,4,TC_REP_ACT_SPARES_USED,length,QUANTITYOFITEMSUSED,,,ADW-ICD-1.8,"{\"max\": 22}",2024-06-25T13:29:24.077Z,dq,2024-06-25T13:29:24.077Z,dq,,
540,4,TC_REP_ACT_SPARES_USED,length,REPAIRACTIONDSID,,,ICD-1.2,"{\"max\": 32}",2024-06-25T15:04:13.070Z,dq,2024-06-25T15:04:13.070Z,dq,,
541,4,TC_REP_ACT_SPARES_USED,complete,REPAIRACTIONDSID,,,ICD-1.2,,2024-06-25T15:04:13.070Z,dq,2024-06-25T15:04:13.070Z,dq,,
542,4,TC_REP_ACT_SPARES_USED,unique,REPAIRACTIONDSID,,,ICD-1.2,,2024-06-25T15:04:13.070Z,dq,2024-06-25T15:04:13.070Z,dq,,
543,4,TC_REP_ACT_SPARES_USED,length,REQUIREDNUMBER,,,ICD-1.2,"{\"max\": 5}",2024-06-25T15:04:13.070Z,dq,2024-06-25T15:04:13.070Z,dq,,
544,4,TC_REP_ACT_SPARES_USED,complete,REQUIREDNUMBER,,,ICD-1.2,,2024-06-25T15:04:13.070Z,dq,2024-06-25T15:04:13.070Z,dq,,
545,4,TC_REP_ACT_SPARES_USED,unique,REQUIREDNUMBER,,,ICD-1.2,,2024-06-25T15:04:13.070Z,dq,2024-06-25T15:04:13.070Z,dq,,
537,4,TC_REP_ACT_SPARES_USED,length,SPAREDESCRIPTION,,,ICD-1.2,"{\"max\": 64}",2024-06-25T15:04:13.070Z,dq,2024-06-25T15:04:13.070Z,dq,,
538,4,TC_REP_ACT_SPARES_USED,complete,SPAREDESCRIPTION,,,ICD-1.2,,2024-06-25T15:04:13.070Z,dq,2024-06-25T15:04:13.070Z,dq,,
539,4,TC_REP_ACT_SPARES_USED,unique,SPAREDESCRIPTION,,,ICD-1.2,,2024-06-25T15:04:13.070Z,dq,2024-06-25T15:04:13.070Z,dq,,
531,4,TC_REP_ACT_SPARES_USED,length,SPAREUSEID,,,ICD-1.2,"{\"max\": 32}",2024-06-25T15:04:13.070Z,dq,2024-06-25T15:04:13.070Z,dq,,
532,4,TC_REP_ACT_SPARES_USED,complete,SPAREUSEID,,,ICD-1.2,,2024-06-25T15:04:13.070Z,dq,2024-06-25T15:04:13.070Z,dq,,
533,4,TC_REP_ACT_SPARES_USED,unique,SPAREUSEID,,,ICD-1.2,,2024-06-25T15:04:13.070Z,dq,2024-06-25T15:04:13.070Z,dq,,
612,4,TC_SUPPLY_ISSUE_ID,length,DELETEFLAG,,,ICD-1.2,"{\"max\": 1}",2024-06-25T15:04:13.072Z,dq,2024-06-25T15:04:13.072Z,dq,,
613,4,TC_SUPPLY_ISSUE_ID,complete,DELETEFLAG,,,ICD-1.2,,2024-06-25T15:04:13.072Z,dq,2024-06-25T15:04:13.072Z,dq,,
614,4,TC_SUPPLY_ISSUE_ID,unique,DELETEFLAG,,,ICD-1.2,,2024-06-25T15:04:13.072Z,dq,2024-06-25T15:04:13.072Z,dq,,
609,4,TC_SUPPLY_ISSUE_ID,length,ISSUEID,,,ICD-1.2,"{\"max\": 32}",2024-06-25T15:04:13.071Z,dq,2024-06-25T15:04:13.071Z,dq,,
610,4,TC_SUPPLY_ISSUE_ID,complete,ISSUEID,,,ICD-1.2,,2024-06-25T15:04:13.071Z,dq,2024-06-25T15:04:13.071Z,dq,,
611,4,TC_SUPPLY_ISSUE_ID,unique,ISSUEID,,,ICD-1.2,,2024-06-25T15:04:13.071Z,dq,2024-06-25T15:04:13.071Z,dq,,
603,4,TC_SUPPLY_ISSUE_ID,length,REPAIRACTIONDSID,,,ICD-1.2,"{\"max\": 32}",2024-06-25T15:04:13.071Z,dq,2024-06-25T15:04:13.071Z,dq,,
604,4,TC_SUPPLY_ISSUE_ID,complete,REPAIRACTIONDSID,,,ICD-1.2,,2024-06-25T15:04:13.071Z,dq,2024-06-25T15:04:13.071Z,dq,,
605,4,TC_SUPPLY_ISSUE_ID,unique,REPAIRACTIONDSID,,,ICD-1.2,,2024-06-25T15:04:13.071Z,dq,2024-06-25T15:04:13.071Z,dq,,
600,4,TC_SUPPLY_ISSUE_ID,length,REQUISITIONID,,,ICD-1.2,"{\"max\": 32}",2024-06-25T15:04:13.071Z,dq,2024-06-25T15:04:13.071Z,dq,,
601,4,TC_SUPPLY_ISSUE_ID,complete,REQUISITIONID,,,ICD-1.2,,2024-06-25T15:04:13.071Z,dq,2024-06-25T15:04:13.071Z,dq,,
602,4,TC_SUPPLY_ISSUE_ID,unique,REQUISITIONID,,,ICD-1.2,,2024-06-25T15:04:13.071Z,dq,2024-06-25T15:04:13.071Z,dq,,
768,4,TC_SUPPLY_ISSUE_ID,complete,STORESREQUISITIONDATE,,,ADW-ICD-1.8,,2024-06-25T13:29:24.078Z,dq,2024-06-25T13:29:24.078Z,dq,,
606,4,TC_SUPPLY_ISSUE_ID,length,SUPPLYCHAINISSUEID,,,ICD-1.2,"{\"max\": 40}",2024-06-25T15:04:13.071Z,dq,2024-06-25T15:04:13.071Z,dq,,
607,4,TC_SUPPLY_ISSUE_ID,complete,SUPPLYCHAINISSUEID,,,ICD-1.2,,2024-06-25T15:04:13.071Z,dq,2024-06-25T15:04:13.071Z,dq,,
608,4,TC_SUPPLY_ISSUE_ID,unique,SUPPLYCHAINISSUEID,,,ICD-1.2,,2024-06-25T15:04:13.071Z,dq,2024-06-25T15:04:13.071Z,dq,,
627,4,TC_TYPE_USAGE_COUNTERS,length,DELETEFLAG,,,ICD-1.2,"{\"max\": 1}",2024-06-25T15:04:13.072Z,dq,2024-06-25T15:04:13.072Z,dq,,
628,4,TC_TYPE_USAGE_COUNTERS,complete,DELETEFLAG,,,ICD-1.2,,2024-06-25T15:04:13.072Z,dq,2024-06-25T15:04:13.072Z,dq,,
629,4,TC_TYPE_USAGE_COUNTERS,unique,DELETEFLAG,,,ICD-1.2,,2024-06-25T15:04:13.072Z,dq,2024-06-25T15:04:13.072Z,dq,,
621,4,TC_TYPE_USAGE_COUNTERS,length,PARAMETERDESC,,,ICD-1.2,"{\"max\": 50}",2024-06-25T15:04:13.072Z,dq,2024-06-25T15:04:13.072Z,dq,,
622,4,TC_TYPE_USAGE_COUNTERS,complete,PARAMETERDESC,,,ICD-1.2,,2024-06-25T15:04:13.072Z,dq,2024-06-25T15:04:13.072Z,dq,,
623,4,TC_TYPE_USAGE_COUNTERS,unique,PARAMETERDESC,,,ICD-1.2,,2024-06-25T15:04:13.072Z,dq,2024-06-25T15:04:13.072Z,dq,,
615,4,TC_TYPE_USAGE_COUNTERS,length,PARTTYPEID,,,ICD-1.2,"{\"max\": 32}",2024-06-25T15:04:13.072Z,dq,2024-06-25T15:04:13.072Z,dq,,
616,4,TC_TYPE_USAGE_COUNTERS,complete,PARTTYPEID,,,ICD-1.2,,2024-06-25T15:04:13.072Z,dq,2024-06-25T15:04:13.072Z,dq,,
617,4,TC_TYPE_USAGE_COUNTERS,unique,PARTTYPEID,,,ICD-1.2,,2024-06-25T15:04:13.072Z,dq,2024-06-25T15:04:13.072Z,dq,,
624,4,TC_TYPE_USAGE_COUNTERS,length,USAGECATEGORY,,,ICD-1.2,"{\"max\": 500}",2024-06-25T15:04:13.072Z,dq,2024-06-25T15:04:13.072Z,dq,,
625,4,TC_TYPE_USAGE_COUNTERS,complete,USAGECATEGORY,,,ICD-1.2,,2024-06-25T15:04:13.072Z,dq,2024-06-25T15:04:13.072Z,dq,,
626,4,TC_TYPE_USAGE_COUNTERS,unique,USAGECATEGORY,,,ICD-1.2,,2024-06-25T15:04:13.072Z,dq,2024-06-25T15:04:13.072Z,dq,,
618,4,TC_TYPE_USAGE_COUNTERS,length,USAGEPARAMETERNAME,,,ICD-1.2,"{\"max\": 30}",2024-06-25T15:04:13.072Z,dq,2024-06-25T15:04:13.072Z,dq,,
619,4,TC_TYPE_USAGE_COUNTERS,complete,USAGEPARAMETERNAME,,,ICD-1.2,,2024-06-25T15:04:13.072Z,dq,2024-06-25T15:04:13.072Z,dq,,
620,4,TC_TYPE_USAGE_COUNTERS,unique,USAGEPARAMETERNAME,,,ICD-1.2,,2024-06-25T15:04:13.072Z,dq,2024-06-25T15:04:13.072Z,dq,,
746,4,TC_WORK_REQUESTS,length,ALT_REPAIR_ORGANISATION,,,ADW-ICD-1.8,"{\"max\": 60}",2024-06-25T13:29:24.075Z,dq,2024-06-25T13:29:24.075Z,dq,,
747,4,TC_WORK_REQUESTS,length,ALT_REPAIR_ORGANISATION_ID,,,ADW-ICD-1.8,"{\"max\": 32}",2024-06-25T13:29:24.075Z,dq,2024-06-25T13:29:24.075Z,dq,,
642,4,TC_WORK_REQUESTS,length,DELETEFLAG,,,ICD-1.2,"{\"max\": 1}",2024-06-25T15:04:13.072Z,dq,2024-06-25T15:04:13.072Z,dq,,
643,4,TC_WORK_REQUESTS,complete,DELETEFLAG,,,ICD-1.2,,2024-06-25T15:04:13.072Z,dq,2024-06-25T15:04:13.072Z,dq,,
644,4,TC_WORK_REQUESTS,unique,DELETEFLAG,,,ICD-1.2,,2024-06-25T15:04:13.072Z,dq,2024-06-25T15:04:13.072Z,dq,,
630,4,TC_WORK_REQUESTS,length,FAULTID,,,ICD-1.2,"{\"max\": 32}",2024-06-25T15:04:13.072Z,dq,2024-06-25T15:04:13.072Z,dq,,
631,4,TC_WORK_REQUESTS,complete,FAULTID,,,ICD-1.2,,2024-06-25T15:04:13.072Z,dq,2024-06-25T15:04:13.072Z,dq,,
632,4,TC_WORK_REQUESTS,unique,FAULTID,,,ICD-1.2,,2024-06-25T15:04:13.072Z,dq,2024-06-25T15:04:13.072Z,dq,,
639,4,TC_WORK_REQUESTS,length,JOBCARDSTATUS,,,ICD-1.2,"{\"max\": 32}",2024-06-25T15:04:13.072Z,dq,2024-06-25T15:04:13.072Z,dq,,
640,4,TC_WORK_REQUESTS,complete,JOBCARDSTATUS,,,ICD-1.2,,2024-06-25T15:04:13.072Z,dq,2024-06-25T15:04:13.072Z,dq,,
641,4,TC_WORK_REQUESTS,unique,JOBCARDSTATUS,,,ICD-1.2,,2024-06-25T15:04:13.072Z,dq,2024-06-25T15:04:13.072Z,dq,,
636,4,TC_WORK_REQUESTS,length,REPAIRORGANISATION,,,ICD-1.2,"{\"max\": 60}",2024-06-25T15:04:13.072Z,dq,2024-06-25T15:04:13.072Z,dq,,
637,4,TC_WORK_REQUESTS,complete,REPAIRORGANISATION,,,ICD-1.2,,2024-06-25T15:04:13.072Z,dq,2024-06-25T15:04:13.072Z,dq,,
638,4,TC_WORK_REQUESTS,unique,REPAIRORGANISATION,,,ICD-1.2,,2024-06-25T15:04:13.072Z,dq,2024-06-25T15:04:13.072Z,dq,,
745,4,TC_WORK_REQUESTS,length,REPAIR_ORGANISATION_ID,,,ADW-ICD-1.8,"{\"max\": 32}",2024-06-25T13:29:24.075Z,dq,2024-06-25T13:29:24.075Z,dq,,
744,4,TC_WORK_REQUESTS,complete,REQUIREDBYDATE,,,ADW-ICD-1.8,,2024-06-25T13:29:24.075Z,dq,2024-06-25T13:29:24.075Z,dq,,
633,4,TC_WORK_REQUESTS,length,WORKREQUESTID,,,ICD-1.2,"{\"max\": 32}",2024-06-25T15:04:13.072Z,dq,2024-06-25T15:04:13.072Z,dq,,
634,4,TC_WORK_REQUESTS,complete,WORKREQUESTID,,,ICD-1.2,,2024-06-25T15:04:13.072Z,dq,2024-06-25T15:04:13.072Z,dq,,
635,4,TC_WORK_REQUESTS,unique,WORKREQUESTID,,,ICD-1.2,,2024-06-25T15:04:13.072Z,dq,2024-06-25T15:04:13.072Z,dq,,
